,match_id,year,slam,match_num,player1,player2,status,winner,event_name,round,court_name,court_id,player1id,player2id,nation1,nation2,match_id_num
0,2011-usopen-1101,2011,usopen,1101,Novak Djokovic,Conor Niland,Retired,1.0,event_MS,round_1,Arthur Ashe Stadium,A,atpd643,atpn349,SRB,IRL,1101
1,2011-usopen-1108,2011,usopen,1108,Sergiy Stakhovsky,Richard Gasquet,Complete,2.0,event_MS,round_1,Court 17,Q,atpsc77,atpg628,UKR,FRA,1108
2,2011-usopen-1109,2011,usopen,1109,Tomas Berdych,Romain Jouan,Complete,1.0,event_MS,round_1,Grandstand,C,atpba47,atpj338,CZE,FRA,1109
3,2011-usopen-1116,2011,usopen,1116,Grigor Dimitrov,Gael Monfils,Complete,2.0,event_MS,round_1,Louis Armstrong Stadium,B,atpd875,atpmc65,BUL,FRA,1116
4,2011-usopen-1117,2011,usopen,1117,Roger Federer,Santiago Giraldo,Complete,1.0,event_MS,round_1,Arthur Ashe Stadium,A,atpf324,atpg725,SUI,COL,1117
5,2011-usopen-1120,2011,usopen,1120,Ryan Harrison,Marin Cilic,Complete,2.0,event_MS,round_1,Louis Armstrong Stadium,B,atph940,atpc977,USA,CRO,1120
6,2011-usopen-1123,2011,usopen,1123,Tommy Haas,Jonathan Dasnieres De Veigy,Complete,1.0,event_MS,round_1,Court 17,Q,atph355,atpd729,GER,FRA,1123
7,2011-usopen-1124,2011,usopen,1124,Alejandro Falla,Viktor Troicki,Complete,1.0,event_MS,round_1,Grandstand,C,atpf444,atpt840,COL,SRB,1124
8,2011-usopen-1125,2011,usopen,1125,Jo-Wilfried Tsonga,Yen-Hsun Lu,Complete,1.0,event_MS,round_1,Grandstand,C,atpt786,atpl575,FRA,TPE,1125
9,2011-usopen-1128,2011,usopen,1128,Jarkko Nieminen,Fernando Verdasco,Complete,2.0,event_MS,round_1,Grandstand,C,atpn289,atpv306,FIN,ESP,1128
10,2011-usopen-1132,2011,usopen,1132,Tobias Kamke,Mardy Fish,Complete,2.0,event_MS,round_1,Arthur Ashe Stadium,A,atpk839,atpf339,GER,USA,1132
11,2011-usopen-1133,2011,usopen,1133,Rogerio Dutra Da Silva,Louk Sorensen,Retired,1.0,event_MS,round_1,Grandstand,C,atpsc73,atpsd69,BRA,IRL,1133
12,2011-usopen-1134,2011,usopen,1134,Alex Bogomolov Jr.,Steve Johnson,Complete,1.0,event_MS,round_1,Court 11,K,atpb842,atpj386,USA,USA,1134
13,2011-usopen-1135,2011,usopen,1135,Robby Ginepri,Joao Souza,Complete,1.0,event_MS,round_1,Grandstand,C,atpg569,atpsg64,USA,BRA,1135
14,2011-usopen-1136,2011,usopen,1136,Marcos Baghdatis,John Isner,Complete,2.0,event_MS,round_1,Louis Armstrong Stadium,B,atpb837,atpi186,CYP,USA,1136
15,2011-usopen-1137,2011,usopen,1137,Juan Martin Del Potro,Filippo Volandri,Complete,1.0,event_MS,round_1,Louis Armstrong Stadium,B,atpd683,atpv254,ARG,ITA,1137
16,2011-usopen-1140,2011,usopen,1140,Ricardo Mello,Gilles Simon,Complete,2.0,event_MS,round_1,Court 13,M,atpm708,atpsd32,BRA,FRA,1140
17,2011-usopen-1142,2011,usopen,1142,Donald Young,Lukas Lacko,Complete,1.0,event_MS,round_1,Court 17,Q,atpy124,atpl797,USA,SVK,1142
18,2011-usopen-1144,2011,usopen,1144,Marinko Matosevic,Juan Ignacio Chela,Retired,2.0,event_MS,round_1,Court 13,M,atpme05,atpc514,AUS,ARG,1144
19,2011-usopen-1145,2011,usopen,1145,Feliciano Lopez,Tatsuma Ito,Complete,1.0,event_MS,round_1,Court 11,K,atpl397,atpi230,ESP,JPN,1145
20,2011-usopen-1148,2011,usopen,1148,Somdev Devvarman,Andy Murray,Complete,2.0,event_MS,round_1,Arthur Ashe Stadium,A,atpd616,atpmc10,IND,GBR,1148
21,2011-usopen-1149,2011,usopen,1149,David Ferrer,Igor Andreev,Complete,1.0,event_MS,round_1,Louis Armstrong Stadium,B,atpf401,atpa511,ESP,RUS,1149
22,2011-usopen-1150,2011,usopen,1150,James Blake,Jesse Huta Galung,Complete,1.0,event_MS,round_1,Louis Armstrong Stadium,B,atpb676,atph704,USA,NED,1150
23,2011-usopen-1152,2011,usopen,1152,Adrian Mannarino,Florian Mayer,Complete,2.0,event_MS,round_1,Court 11,K,atpme82,atpmb02,FRA,GER,1152
24,2011-usopen-1153,2011,usopen,1153,Andy Roddick,Michael Russell,Complete,1.0,event_MS,round_1,Arthur Ashe Stadium,A,atpr485,atpr368,USA,USA,1153
25,2011-usopen-1154,2011,usopen,1154,Jack Sock,Marc Gicquel,Complete,1.0,event_MS,round_1,Court 17,Q,atpsm25,atpg436,USA,FRA,1154
26,2011-usopen-1156,2011,usopen,1156,Julien Benneteau,Nicolas Almagro,Complete,1.0,event_MS,round_1,Court 17,Q,atpb747,atpa479,FRA,ESP,1156
27,2011-usopen-1157,2011,usopen,1157,Mikhail Youzhny,Ernests Gulbis,Complete,2.0,event_MS,round_1,Court 11,K,atpy061,atpg858,RUS,LAT,1157
28,2011-usopen-1162,2011,usopen,1162,Bobby Reynolds,David Nalbandian,Complete,2.0,event_MS,round_1,Court 17,Q,atpr483,atpn301,USA,ARG,1162
29,2011-usopen-1164,2011,usopen,1164,Andrey Golubev,Rafael Nadal,Complete,2.0,event_MS,round_1,Arthur Ashe Stadium,A,atpg806,atpn409,KAZ,ESP,1164
30,2011-usopen-1201,2011,usopen,1201,Novak Djokovic,Carlos Berlocq,Complete,1.0,event_MS,round_2,Arthur Ashe Stadium,A,atpd643,atpb884,SRB,ARG,1201
31,2011-usopen-1204,2011,usopen,1204,Ivo Karlovic,Richard Gasquet,Complete,1.0,event_MS,round_2,Court 11,K,atpk336,atpg628,CRO,FRA,1204
32,2011-usopen-1205,2011,usopen,1205,Tomas Berdych,Fabio Fognini,Complete,1.0,event_MS,round_2,Grandstand,C,atpba47,atpf510,CZE,ITA,1205
33,2011-usopen-1206,2011,usopen,1206,Philipp Petzschner,Janko Tipsarevic,Complete,2.0,event_MS,round_2,Court 11,K,atpp624,atpt742,GER,SRB,1206
34,2011-usopen-1208,2011,usopen,1208,Juan Carlos Ferrero,Gael Monfils,Complete,1.0,event_MS,round_2,Louis Armstrong Stadium,B,atpf316,atpmc65,ESP,FRA,1208
35,2011-usopen-1209,2011,usopen,1209,Roger Federer,Dudi Sela,Complete,1.0,event_MS,round_2,Arthur Ashe Stadium,A,atpf324,atpsc56,SUI,ISR,1209
36,2011-usopen-1210,2011,usopen,1210,Bernard Tomic,Marin Cilic,Complete,2.0,event_MS,round_2,Court 17,Q,atpta46,atpc977,AUS,CRO,1210
37,2011-usopen-1211,2011,usopen,1211,Radek Stepanek,Juan Monaco,Retired,2.0,event_MS,round_2,Court 17,Q,atps694,atpma21,CZE,ARG,1211
38,2011-usopen-1212,2011,usopen,1212,Tommy Haas,Alejandro Falla,Complete,1.0,event_MS,round_2,Court 13,M,atph355,atpf444,GER,COL,1212
39,2011-usopen-1213,2011,usopen,1213,Jo-Wilfried Tsonga,Sergei Bubka,Complete,1.0,event_MS,round_2,Grandstand,C,atpt786,atpbc11,FRA,UKR,1213
40,2011-usopen-1214,2011,usopen,1214,Marsel Ilhan,Fernando Verdasco,Complete,2.0,event_MS,round_2,Court 13,M,atpk771,atpv306,TUR,ESP,1214
41,2011-usopen-1216,2011,usopen,1216,Malek Jaziri,Mardy Fish,Complete,2.0,event_MS,round_2,Louis Armstrong Stadium,B,atpj267,atpf339,TUN,USA,1216
42,2011-usopen-1217,2011,usopen,1217,Rogerio Dutra Da Silva,Alex Bogomolov Jr.,Complete,2.0,event_MS,round_2,Court 17,Q,atpsc73,atpb842,BRA,USA,1217
43,2011-usopen-1218,2011,usopen,1218,Robby Ginepri,John Isner,Complete,2.0,event_MS,round_2,Louis Armstrong Stadium,B,atpg569,atpi186,USA,USA,1218
44,2011-usopen-1219,2011,usopen,1219,Juan Martin Del Potro,Diego Junqueira,Complete,1.0,event_MS,round_2,Grandstand,C,atpd683,atpj214,ARG,ARG,1219
45,2011-usopen-1220,2011,usopen,1220,Guillermo Garcia-Lopez,Gilles Simon,Complete,2.0,event_MS,round_2,Court 11,K,atpg476,atpsd32,ESP,FRA,1220
46,2011-usopen-1221,2011,usopen,1221,Stanislas Wawrinka,Donald Young,Complete,2.0,event_MS,round_2,Court 17,Q,atpw367,atpy124,SUI,USA,1221
47,2011-usopen-1224,2011,usopen,1224,Robin Haase,Andy Murray,Complete,2.0,event_MS,round_2,Louis Armstrong Stadium,B,atph756,atpmc10,NED,GBR,1224
48,2011-usopen-1225,2011,usopen,1225,David Ferrer,James Blake,Complete,1.0,event_MS,round_2,Grandstand,C,atpf401,atpb676,ESP,USA,1225
49,2011-usopen-1226,2011,usopen,1226,Jean-Rene Lisnard,Florian Mayer,Complete,2.0,event_MS,round_2,Court 11,K,atpl386,atpmb02,MON,GER,1226
50,2011-usopen-1227,2011,usopen,1227,Andy Roddick,Jack Sock,Complete,1.0,event_MS,round_2,Arthur Ashe Stadium,A,atpr485,atpsm25,USA,USA,1227
51,2011-usopen-1228,2011,usopen,1228,Denis Istomin,Julien Benneteau,Complete,2.0,event_MS,round_2,Court 13,M,atpi165,atpb747,UZB,FRA,1228
52,2011-usopen-1231,2011,usopen,1231,Ivan Ljubicic,David Nalbandian,Complete,2.0,event_MS,round_2,Court 13,M,atpl360,atpn301,CRO,ARG,1231
53,2011-usopen-1232,2011,usopen,1232,Nicolas Mahut,Rafael Nadal,Retired,2.0,event_MS,round_2,Arthur Ashe Stadium,A,atpm873,atpn409,FRA,ESP,1232
54,2011-usopen-1301,2011,usopen,1301,Novak Djokovic,Nikolay Davydenko,Complete,1.0,event_MS,round_3,Arthur Ashe Stadium,A,atpd643,atpd402,SRB,RUS,1301
55,2011-usopen-1302,2011,usopen,1302,Alexandr Dolgopolov,Ivo Karlovic,Complete,1.0,event_MS,round_3,Court 17,Q,atpd801,atpk336,UKR,CRO,1302
56,2011-usopen-1303,2011,usopen,1303,Tomas Berdych,Janko Tipsarevic,Retired,2.0,event_MS,round_3,Louis Armstrong Stadium,B,atpba47,atpt742,CZE,SRB,1303
57,2011-usopen-1304,2011,usopen,1304,Marcel Granollers,Juan Carlos Ferrero,Retired,2.0,event_MS,round_3,Court 17,Q,atpg710,atpf316,ESP,ESP,1304
58,2011-usopen-1305,2011,usopen,1305,Roger Federer,Marin Cilic,Complete,1.0,event_MS,round_3,Arthur Ashe Stadium,A,atpf324,atpc977,SUI,CRO,1305
59,2011-usopen-1306,2011,usopen,1306,Juan Monaco,Tommy Haas,Complete,1.0,event_MS,round_3,Grandstand,C,atpma21,atph355,ARG,GER,1306
60,2011-usopen-1307,2011,usopen,1307,Jo-Wilfried Tsonga,Fernando Verdasco,Complete,1.0,event_MS,round_3,Grandstand,C,atpt786,atpv306,FRA,ESP,1307
61,2011-usopen-1308,2011,usopen,1308,Kevin Anderson,Mardy Fish,Complete,2.0,event_MS,round_3,Louis Armstrong Stadium,B,atpa678,atpf339,RSA,USA,1308
62,2011-usopen-1309,2011,usopen,1309,Alex Bogomolov Jr.,John Isner,Complete,2.0,event_MS,round_3,Louis Armstrong Stadium,B,atpb842,atpi186,USA,USA,1309
63,2011-usopen-1310,2011,usopen,1310,Juan Martin Del Potro,Gilles Simon,Complete,2.0,event_MS,round_3,Louis Armstrong Stadium,B,atpd683,atpsd32,ARG,FRA,1310
64,2011-usopen-1311,2011,usopen,1311,Donald Young,Juan Ignacio Chela,Complete,1.0,event_MS,round_3,Grandstand,C,atpy124,atpc514,USA,ARG,1311
65,2011-usopen-1312,2011,usopen,1312,Feliciano Lopez,Andy Murray,Complete,2.0,event_MS,round_3,Arthur Ashe Stadium,A,atpl397,atpmc10,ESP,GBR,1312
66,2011-usopen-1313,2011,usopen,1313,David Ferrer,Florian Mayer,In Progress,1.0,event_MS,round_3,Court 17,Q,atpf401,atpmb02,ESP,GER,1313
67,2011-usopen-1314,2011,usopen,1314,Andy Roddick,Julien Benneteau,Complete,1.0,event_MS,round_3,Arthur Ashe Stadium,A,atpr485,atpb747,USA,FRA,1314
68,2011-usopen-1315,2011,usopen,1315,Gilles Muller,Igor Kunitsyn,Complete,1.0,event_MS,round_3,Grandstand,C,atpma30,atpk403,LUX,RUS,1315
69,2011-usopen-1316,2011,usopen,1316,David Nalbandian,Rafael Nadal,Complete,2.0,event_MS,round_3,Arthur Ashe Stadium,A,atpn301,atpn409,ARG,ESP,1316
70,2011-usopen-1401,2011,usopen,1401,Novak Djokovic,Alexandr Dolgopolov,Complete,1.0,event_MS,round_4,Louis Armstrong Stadium,B,atpd643,atpd801,SRB,UKR,1401
71,2011-usopen-1402,2011,usopen,1402,Janko Tipsarevic,Juan Carlos Ferrero,In Progress,1.0,event_MS,round_4,Louis Armstrong Stadium,B,atpt742,atpf316,SRB,ESP,1402
72,2011-usopen-1403,2011,usopen,1403,Roger Federer,Juan Monaco,Complete,1.0,event_MS,round_4,Arthur Ashe Stadium,A,atpf324,atpma21,SUI,ARG,1403
73,2011-usopen-1404,2011,usopen,1404,Jo-Wilfried Tsonga,Mardy Fish,Complete,1.0,event_MS,round_4,Arthur Ashe Stadium,A,atpt786,atpf339,FRA,USA,1404
74,2011-usopen-1406,2011,usopen,1406,Donald Young,Andy Murray,Complete,2.0,event_MS,round_4,Grandstand,C,atpy124,atpmc10,USA,GBR,1406
75,2011-usopen-1407,2011,usopen,1407,David Ferrer,Andy Roddick,Complete,2.0,event_MS,round_4,Court 13,M,atpf401,atpr485,ESP,USA,1407
76,2011-usopen-1408,2011,usopen,1408,Gilles Muller,Rafael Nadal,Complete,2.0,event_MS,round_4,Arthur Ashe Stadium,A,atpma30,atpn409,LUX,ESP,1408
77,2011-usopen-1501,2011,usopen,1501,Novak Djokovic,Janko Tipsarevic,Retired,1.0,event_MS,round_5,Arthur Ashe Stadium,A,atpd643,atpt742,SRB,SRB,1501
78,2011-usopen-1502,2011,usopen,1502,Roger Federer,Jo-Wilfried Tsonga,Complete,1.0,event_MS,round_5,Arthur Ashe Stadium,A,atpf324,atpt786,SUI,FRA,1502
79,2011-usopen-1503,2011,usopen,1503,John Isner,Andy Murray,Complete,2.0,event_MS,round_5,Arthur Ashe Stadium,A,atpi186,atpmc10,USA,GBR,1503
80,2011-usopen-1504,2011,usopen,1504,Andy Roddick,Rafael Nadal,Complete,2.0,event_MS,round_5,Arthur Ashe Stadium,A,atpr485,atpn409,USA,ESP,1504
81,2011-usopen-1601,2011,usopen,1601,Novak Djokovic,Roger Federer,Complete,1.0,event_MS,round_6,Arthur Ashe Stadium,A,atpd643,atpf324,SRB,SUI,1601
82,2011-usopen-1602,2011,usopen,1602,Andy Murray,Rafael Nadal,Complete,2.0,event_MS,round_6,Arthur Ashe Stadium,A,atpmc10,atpn409,GBR,ESP,1602
83,2011-usopen-1701,2011,usopen,1701,Novak Djokovic,Rafael Nadal,Complete,1.0,event_MS,round_7,Arthur Ashe Stadium,A,atpd643,atpn409,SRB,ESP,1701
0,2012-usopen-1101,2012,usopen,1101,Roger Federer,Donald Young,,,,,,,,,,,1101
1,2012-usopen-1104,2012,usopen,1104,Rui Machado,Fernando Verdasco,,,,,,,,,,,1104
2,2012-usopen-1105,2012,usopen,1105,Mardy Fish,Go Soeda,,,,,,,,,,,1105
3,2012-usopen-1108,2012,usopen,1108,Michael Russell,Gilles Simon,,,,,,,,,,,1108
4,2012-usopen-1109,2012,usopen,1109,Nicolas Almagro,Radek Stepanek,,,,,,,,,,,1109
5,2012-usopen-1110,2012,usopen,1110,Nicolas Mahut,Philipp Petzschner,,,,,,,,,,,1110
6,2012-usopen-1112,2012,usopen,1112,Jack Sock,Florian Mayer,,,,,,,,,,,1112
7,2012-usopen-1113,2012,usopen,1113,Sam Querrey,Yen-Hsun Lu,,,,,,,,,,,1113
8,2012-usopen-1114,2012,usopen,1114,Ruben Ramirez Hidalgo,Somdev Devvarman,,,,,,,,,,,1114
9,2012-usopen-1116,2012,usopen,1116,David Goffin,Tomas Berdych,,,,,,,,,,,1116
10,2012-usopen-1117,2012,usopen,1117,Andy Murray,Alex Bogomolov Jr.,,,,,,,,,,,1117
11,2012-usopen-1122,2012,usopen,1122,Lukas Lacko,James Blake,,,,,,,,,,,1122
12,2012-usopen-1123,2012,usopen,1123,Paul-Henri Mathieu,Igor Andreev,,,,,,,,,,,1123
13,2012-usopen-1124,2012,usopen,1124,Santiago Giraldo,Milos Raonic,,,,,,,,,,,1124
14,2012-usopen-1125,2012,usopen,1125,Marin Cilic,Marinko Matosevic,,,,,,,,,,,1125
15,2012-usopen-1128,2012,usopen,1128,Guido Andreozzi,Kei Nishikori,,,,,,,,,,,1128
16,2012-usopen-1129,2012,usopen,1129,Jeremy Chardy,Filippo Volandri,,,,,,,,,,,1129
17,2012-usopen-1132,2012,usopen,1132,Karol Beck,Jo-Wilfried Tsonga,,,,,,,,,,,1132
18,2012-usopen-1133,2012,usopen,1133,Janko Tipsarevic,Guillaume Rufin,,,,,,,,,,,1133
19,2012-usopen-1134,2012,usopen,1134,Brian Baker,Jan Hajek,,,,,,,,,,,1134
20,2012-usopen-1137,2012,usopen,1137,Philipp Kohlschreiber,Michael Llodra,,,,,,,,,,,1137
21,2012-usopen-1140,2012,usopen,1140,Xavier Malisse,John Isner,,,,,,,,,,,1140
22,2012-usopen-1141,2012,usopen,1141,Richard Gasquet,Albert Montanes,,,,,,,,,,,1141
23,2012-usopen-1142,2012,usopen,1142,Jurgen Melzer,Bradley Klahn,,,,,,,,,,,1142
24,2012-usopen-1144,2012,usopen,1144,Ernests Gulbis,Tommy Haas,,,,,,,,,,,1144
25,2012-usopen-1146,2012,usopen,1146,Tobias Kamke,Lleyton Hewitt,,,,,,,,,,,1146
26,2012-usopen-1148,2012,usopen,1148,Kevin Anderson,David Ferrer,,,,,,,,,,,1148
27,2012-usopen-1149,2012,usopen,1149,Juan Martin Del Potro,Florent Serra,,,,,,,,,,,1149
28,2012-usopen-1150,2012,usopen,1150,Benjamin Becker,Ryan Harrison,,,,,,,,,,,1150
29,2012-usopen-1153,2012,usopen,1153,Andy Roddick,Rhyne Williams,,,,,,,,,,,1153
30,2012-usopen-1154,2012,usopen,1154,Carlos Berlocq,Bernard Tomic,,,,,,,,,,,1154
31,2012-usopen-1156,2012,usopen,1156,Guillermo Garcia-Lopez,Juan Monaco,,,,,,,,,,,1156
32,2012-usopen-1157,2012,usopen,1157,Alexandr Dolgopolov,Jesse Levine,,,,,,,,,,,1157
33,2012-usopen-1161,2012,usopen,1161,Julien Benneteau,Olivier Rochus,,,,,,,,,,,1161
34,2012-usopen-1164,2012,usopen,1164,Paolo Lorenzi,Novak Djokovic,,,,,,,,,,,1164
35,2012-usopen-1201,2012,usopen,1201,Roger Federer,Bjorn Phau,,,,,,,,,,,1201
36,2012-usopen-1203,2012,usopen,1203,Mardy Fish,Nikolay Davydenko,,,,,,,,,,,1203
37,2012-usopen-1204,2012,usopen,1204,Jimmy Wang,Gilles Simon,,,,,,,,,,,1204
38,2012-usopen-1205,2012,usopen,1205,Nicolas Almagro,Philipp Petzschner,,,,,,,,,,,1205
39,2012-usopen-1206,2012,usopen,1206,Flavio Cipolla,Jack Sock,,,,,,,,,,,1206
40,2012-usopen-1207,2012,usopen,1207,Sam Querrey,Ruben Ramirez Hidalgo,,,,,,,,,,,1207
41,2012-usopen-1208,2012,usopen,1208,Jurgen Zopp,Tomas Berdych,,,,,,,,,,,1208
42,2012-usopen-1209,2012,usopen,1209,Andy Murray,Ivan Dodig,,,,,,,,,,,1209
43,2012-usopen-1211,2012,usopen,1211,Marcel Granollers,James Blake,,,,,,,,,,,1211
44,2012-usopen-1212,2012,usopen,1212,Paul-Henri Mathieu,Milos Raonic,,,,,,,,,,,1212
45,2012-usopen-1213,2012,usopen,1213,Marin Cilic,Daniel Brands,,,,,,,,,,,1213
46,2012-usopen-1214,2012,usopen,1214,Tim Smyczek,Kei Nishikori,,,,,,,,,,,1214
47,2012-usopen-1216,2012,usopen,1216,Martin Klizan,Jo-Wilfried Tsonga,,,,,,,,,,,1216
48,2012-usopen-1217,2012,usopen,1217,Janko Tipsarevic,Brian Baker,,,,,,,,,,,1217
49,2012-usopen-1219,2012,usopen,1219,Philipp Kohlschreiber,Benoit Paire,,,,,,,,,,,1219
50,2012-usopen-1220,2012,usopen,1220,Jarkko Nieminen,John Isner,,,,,,,,,,,1220
51,2012-usopen-1221,2012,usopen,1221,Richard Gasquet,Bradley Klahn,,,,,,,,,,,1221
52,2012-usopen-1222,2012,usopen,1222,Steve Johnson,Ernests Gulbis,,,,,,,,,,,1222
53,2012-usopen-1223,2012,usopen,1223,Gilles Muller,Lleyton Hewitt,,,,,,,,,,,1223
54,2012-usopen-1224,2012,usopen,1224,Igor Sijsling,David Ferrer,,,,,,,,,,,1224
55,2012-usopen-1225,2012,usopen,1225,Juan Martin Del Potro,Ryan Harrison,,,,,,,,,,,1225
56,2012-usopen-1227,2012,usopen,1227,Andy Roddick,Bernard Tomic,,,,,,,,,,,1227
57,2012-usopen-1229,2012,usopen,1229,Alexandr Dolgopolov,Marcos Baghdatis,,,,,,,,,,,1229
58,2012-usopen-1230,2012,usopen,1230,Steve Darcis,Stanislas Wawrinka,,,,,,,,,,,1230
59,2012-usopen-1231,2012,usopen,1231,Julien Benneteau,Dennis Novikov,,,,,,,,,,,1231
60,2012-usopen-1232,2012,usopen,1232,Rogerio Dutra Silva,Novak Djokovic,,,,,,,,,,,1232
61,2012-usopen-1301,2012,usopen,1301,Roger Federer,Fernando Verdasco,,,,,,,,,,,1301
62,2012-usopen-1302,2012,usopen,1302,Mardy Fish,Gilles Simon,,,,,,,,,,,1302
63,2012-usopen-1303,2012,usopen,1303,Nicolas Almagro,Jack Sock,,,,,,,,,,,1303
64,2012-usopen-1304,2012,usopen,1304,Sam Querrey,Tomas Berdych,,,,,,,,,,,1304
65,2012-usopen-1305,2012,usopen,1305,Andy Murray,Feliciano Lopez,,,,,,,,,,,1305
66,2012-usopen-1306,2012,usopen,1306,James Blake,Milos Raonic,,,,,,,,,,,1306
67,2012-usopen-1307,2012,usopen,1307,Marin Cilic,Kei Nishikori,,,,,,,,,,,1307
68,2012-usopen-1308,2012,usopen,1308,Jeremy Chardy,Martin Klizan,,,,,,,,,,,1308
69,2012-usopen-1309,2012,usopen,1309,Janko Tipsarevic,Grega Zemlja,,,,,,,,,,,1309
70,2012-usopen-1310,2012,usopen,1310,Philipp Kohlschreiber,John Isner,,,,,,,,,,,1310
71,2012-usopen-1311,2012,usopen,1311,Richard Gasquet,Steve Johnson,,,,,,,,,,,1311
72,2012-usopen-1312,2012,usopen,1312,Lleyton Hewitt,David Ferrer,,,,,,,,,,,1312
73,2012-usopen-1313,2012,usopen,1313,Juan Martin Del Potro,Leonardo Mayer,,,,,,,,,,,1313
74,2012-usopen-1314,2012,usopen,1314,Andy Roddick,Fabio Fognini,,,,,,,,,,,1314
75,2012-usopen-1315,2012,usopen,1315,Alexandr Dolgopolov,Stanislas Wawrinka,,,,,,,,,,,1315
76,2012-usopen-1316,2012,usopen,1316,Julien Benneteau,Novak Djokovic,,,,,,,,,,,1316
77,2012-usopen-1402,2012,usopen,1402,Nicolas Almagro,Tomas Berdych,,,,,,,,,,,1402
78,2012-usopen-1403,2012,usopen,1403,Andy Murray,Milos Raonic,,,,,,,,,,,1403
79,2012-usopen-1404,2012,usopen,1404,Marin Cilic,Martin Klizan,,,,,,,,,,,1404
80,2012-usopen-1405,2012,usopen,1405,Janko Tipsarevic,Philipp Kohlschreiber,,,,,,,,,,,1405
81,2012-usopen-1406,2012,usopen,1406,Richard Gasquet,David Ferrer,,,,,,,,,,,1406
82,2012-usopen-1407,2012,usopen,1407,Juan Martin Del Potro,Andy Roddick,,,,,,,,,,,1407
83,2012-usopen-1408,2012,usopen,1408,Stanislas Wawrinka,Novak Djokovic,,,,,,,,,,,1408
84,2012-usopen-1501,2012,usopen,1501,Roger Federer,Tomas Berdych,,,,,,,,,,,1501
85,2012-usopen-1502,2012,usopen,1502,Andy Murray,Marin Cilic,,,,,,,,,,,1502
86,2012-usopen-1503,2012,usopen,1503,Janko Tipsarevic,David Ferrer,,,,,,,,,,,1503
87,2012-usopen-1504,2012,usopen,1504,Juan Martin Del Potro,Novak Djokovic,,,,,,,,,,,1504
88,2012-usopen-1601,2012,usopen,1601,Tomas Berdych,Andy Murray,,,,,,,,,,,1601
89,2012-usopen-1602,2012,usopen,1602,David Ferrer,Novak Djokovic,,,,,,,,,,,1602
90,2012-usopen-1701,2012,usopen,1701,Andy Murray,Novak Djokovic,,,,,,,,,,,1701
0,2013-usopen-1101,2013,usopen,1101,Novak Djokovic,Ricardas Berankis,,,,,,,,,,,1101
1,2013-usopen-1105,2013,usopen,1105,Benoit Paire,Alex Bogomolov Jr.,,,,,,,,,,,1105
2,2013-usopen-1106,2013,usopen,1106,Tim Smyczek,James Duckworth,,,,,,,,,,,1106
3,2013-usopen-1108,2013,usopen,1108,Rajeev Ram,Fabio Fognini,,,,,,,,,,,1108
4,2013-usopen-1109,2013,usopen,1109,Tommy Haas,Paul-Henri Mathieu,,,,,,,,,,,1109
5,2013-usopen-1115,2013,usopen,1115,Lleyton Hewitt,Brian Baker,,,,,,,,,,,1115
6,2013-usopen-1116,2013,usopen,1116,Guillermo Garcia-Lopez,Juan Martin Del Potro,,,,,,,,,,,1116
7,2013-usopen-1117,2013,usopen,1117,Andy Murray,Michael Llodra,,,,,,,,,,,1117
8,2013-usopen-1119,2013,usopen,1119,Donald Young,Martin Klizan,,,,,,,,,,,1119
9,2013-usopen-1122,2013,usopen,1122,Lukas Lacko,Somdev Devvarman,,,,,,,,,,,1122
10,2013-usopen-1123,2013,usopen,1123,Tobias Kamke,Steve Johnson,,,,,,,,,,,1123
11,2013-usopen-1125,2013,usopen,1125,Stanislas Wawrinka,Radek Stepanek,,,,,,,,,,,1125
12,2013-usopen-1126,2013,usopen,1126,James Blake,Ivo Karlovic,,,,,,,,,,,1126
13,2013-usopen-1127,2013,usopen,1127,Marcos Baghdatis,Go Soeda,,,,,,,,,,,1127
14,2013-usopen-1128,2013,usopen,1128,Daniel Brands,Kevin Anderson,,,,,,,,,,,1128
15,2013-usopen-1132,2013,usopen,1132,Paolo Lorenzi,Tomas Berdych,,,,,,,,,,,1132
16,2013-usopen-1133,2013,usopen,1133,Richard Gasquet,Michael Russell,,,,,,,,,,,1133
17,2013-usopen-1138,2013,usopen,1138,Kenny De Schepper,Bradley Klahn,,,,,,,,,,,1138
18,2013-usopen-1140,2013,usopen,1140,Thomas Fabbiano,Milos Raonic,,,,,,,,,,,1140
19,2013-usopen-1141,2013,usopen,1141,Jerzy Janowicz,Maximo Gonzalez,,,,,,,,,,,1141
20,2013-usopen-1142,2013,usopen,1142,Jack Sock,Philipp Petzschner,,,,,,,,,,,1142
21,2013-usopen-1144,2013,usopen,1144,Pablo Cuevas,Janko Tipsarevic,,,,,,,,,,,1144
22,2013-usopen-1148,2013,usopen,1148,Nick Kyrgios,David Ferrer,,,,,,,,,,,1148
23,2013-usopen-1149,2013,usopen,1149,Roger Federer,Grega Zemlja,,,,,,,,,,,1149
24,2013-usopen-1150,2013,usopen,1150,Santiago Giraldo,Carlos Berlocq,,,,,,,,,,,1150
25,2013-usopen-1152,2013,usopen,1152,Guido Pella,Sam Querrey,,,,,,,,,,,1152
26,2013-usopen-1153,2013,usopen,1153,Tommy Robredo,Marinko Matosevic,,,,,,,,,,,1153
27,2013-usopen-1155,2013,usopen,1155,Albert Ramos,Bernard Tomic,,,,,,,,,,,1155
28,2013-usopen-1156,2013,usopen,1156,Daniel Evans,Kei Nishikori,,,,,,,,,,,1156
29,2013-usopen-1157,2013,usopen,1157,John Isner,Filippo Volandri,,,,,,,,,,,1157
30,2013-usopen-1158,2013,usopen,1158,Adrian Ungur,Gael Monfils,,,,,,,,,,,1158
31,2013-usopen-1160,2013,usopen,1160,Collin Altamirano,Philipp Kohlschreiber,,,,,,,,,,,1160
32,2013-usopen-1161,2013,usopen,1161,Fernando Verdasco,Ivan Dodig,,,,,,,,,,,1161
33,2013-usopen-1164,2013,usopen,1164,Ryan Harrison,Rafael Nadal,,,,,,,,,,,1164
34,2013-usopen-1201,2013,usopen,1201,Novak Djokovic,Benjamin Becker,,,,,,,,,,,1201
35,2013-usopen-1203,2013,usopen,1203,Alex Bogomolov Jr.,Tim Smyczek,,,,,,,,,,,1203
36,2013-usopen-1204,2013,usopen,1204,Marcel Granollers,Rajeev Ram,,,,,,,,,,,1204
37,2013-usopen-1205,2013,usopen,1205,Tommy Haas,Yen-Hsun Lu,,,,,,,,,,,1205
38,2013-usopen-1208,2013,usopen,1208,Lleyton Hewitt,Juan Martin Del Potro,,,,,,,,,,,1208
39,2013-usopen-1209,2013,usopen,1209,Andy Murray,Leonardo Mayer,,,,,,,,,,,1209
40,2013-usopen-1210,2013,usopen,1210,Donald Young,Florian Mayer,,,,,,,,,,,1210
41,2013-usopen-1211,2013,usopen,1211,Andreas Seppi,Somdev Devvarman,,,,,,,,,,,1211
42,2013-usopen-1213,2013,usopen,1213,Stanislas Wawrinka,Ivo Karlovic,,,,,,,,,,,1213
43,2013-usopen-1214,2013,usopen,1214,Marcos Baghdatis,Kevin Anderson,,,,,,,,,,,1214
44,2013-usopen-1215,2013,usopen,1215,Julien Benneteau,Jeremy Chardy,,,,,,,,,,,1215
45,2013-usopen-1216,2013,usopen,1216,Denis Kudla,Tomas Berdych,,,,,,,,,,,1216
46,2013-usopen-1217,2013,usopen,1217,Richard Gasquet,Stephane Robert,,,,,,,,,,,1217
47,2013-usopen-1219,2013,usopen,1219,Feliciano Lopez,Bradley Klahn,,,,,,,,,,,1219
48,2013-usopen-1220,2013,usopen,1220,Pablo Andujar,Milos Raonic,,,,,,,,,,,1220
49,2013-usopen-1221,2013,usopen,1221,Maximo Gonzalez,Jack Sock,,,,,,,,,,,1221
50,2013-usopen-1224,2013,usopen,1224,Roberto Bautista Agut,David Ferrer,,,,,,,,,,,1224
51,2013-usopen-1225,2013,usopen,1225,Roger Federer,Carlos Berlocq,,,,,,,,,,,1225
52,2013-usopen-1226,2013,usopen,1226,Adrian Mannarino,Sam Querrey,,,,,,,,,,,1226
53,2013-usopen-1227,2013,usopen,1227,Tommy Robredo,Frank Dancevic,,,,,,,,,,,1227
54,2013-usopen-1228,2013,usopen,1228,Bernard Tomic,Daniel Evans,,,,,,,,,,,1228
55,2013-usopen-1229,2013,usopen,1229,John Isner,Gael Monfils,,,,,,,,,,,1229
56,2013-usopen-1230,2013,usopen,1230,Edouard Roger-Vasselin,Philipp Kohlschreiber,,,,,,,,,,,1230
57,2013-usopen-1232,2013,usopen,1232,Rogerio Dutra Silva,Rafael Nadal,,,,,,,,,,,1232
58,2013-usopen-1301,2013,usopen,1301,Novak Djokovic,Joao Sousa,,,,,,,,,,,1301
59,2013-usopen-1302,2013,usopen,1302,Tim Smyczek,Marcel Granollers,,,,,,,,,,,1302
60,2013-usopen-1303,2013,usopen,1303,Tommy Haas,Mikhail Youzhny,,,,,,,,,,,1303
61,2013-usopen-1304,2013,usopen,1304,Evgeny Donskoy,Lleyton Hewitt,,,,,,,,,,,1304
62,2013-usopen-1305,2013,usopen,1305,Andy Murray,Florian Mayer,,,,,,,,,,,1305
63,2013-usopen-1306,2013,usopen,1306,Andreas Seppi,Denis Istomin,,,,,,,,,,,1306
64,2013-usopen-1307,2013,usopen,1307,Stanislas Wawrinka,Marcos Baghdatis,,,,,,,,,,,1307
65,2013-usopen-1308,2013,usopen,1308,Julien Benneteau,Tomas Berdych,,,,,,,,,,,1308
66,2013-usopen-1309,2013,usopen,1309,Richard Gasquet,Dmitry Tursunov,,,,,,,,,,,1309
67,2013-usopen-1310,2013,usopen,1310,Feliciano Lopez,Milos Raonic,,,,,,,,,,,1310
68,2013-usopen-1311,2013,usopen,1311,Jack Sock,Janko Tipsarevic,,,,,,,,,,,1311
69,2013-usopen-1312,2013,usopen,1312,Mikhail Kukushkin,David Ferrer,,,,,,,,,,,1312
70,2013-usopen-1313,2013,usopen,1313,Roger Federer,Adrian Mannarino,,,,,,,,,,,1313
71,2013-usopen-1314,2013,usopen,1314,Tommy Robredo,Daniel Evans,,,,,,,,,,,1314
72,2013-usopen-1315,2013,usopen,1315,John Isner,Philipp Kohlschreiber,,,,,,,,,,,1315
73,2013-usopen-1316,2013,usopen,1316,Ivan Dodig,Rafael Nadal,,,,,,,,,,,1316
74,2013-usopen-1401,2013,usopen,1401,Novak Djokovic,Marcel Granollers,,,,,,,,,,,1401
75,2013-usopen-1402,2013,usopen,1402,Mikhail Youzhny,Lleyton Hewitt,,,,,,,,,,,1402
76,2013-usopen-1403,2013,usopen,1403,Andy Murray,Denis Istomin,,,,,,,,,,,1403
77,2013-usopen-1404,2013,usopen,1404,Stanislas Wawrinka,Tomas Berdych,,,,,,,,,,,1404
78,2013-usopen-1405,2013,usopen,1405,Richard Gasquet,Milos Raonic,,,,,,,,,,,1405
79,2013-usopen-1406,2013,usopen,1406,Janko Tipsarevic,David Ferrer,,,,,,,,,,,1406
80,2013-usopen-1407,2013,usopen,1407,Roger Federer,Tommy Robredo,,,,,,,,,,,1407
81,2013-usopen-1408,2013,usopen,1408,Philipp Kohlschreiber,Rafael Nadal,,,,,,,,,,,1408
82,2013-usopen-1501,2013,usopen,1501,Novak Djokovic,Mikhail Youzhny,,,,,,,,,,,1501
83,2013-usopen-1502,2013,usopen,1502,Andy Murray,Stanislas Wawrinka,,,,,,,,,,,1502
84,2013-usopen-1503,2013,usopen,1503,Richard Gasquet,David Ferrer,,,,,,,,,,,1503
85,2013-usopen-1504,2013,usopen,1504,Tommy Robredo,Rafael Nadal,,,,,,,,,,,1504
86,2013-usopen-1601,2013,usopen,1601,Novak Djokovic,Stanislas Wawrinka,,,,,,,,,,,1601
87,2013-usopen-1602,2013,usopen,1602,Richard Gasquet,Rafael Nadal,,,,,,,,,,,1602
88,2013-usopen-1701,2013,usopen,1701,Novak Djokovic,Rafael Nadal,,,,,,,,,,,1701
0,2014-usopen-1101,2014,usopen,1101,Novak Djokovic,Diego Schwartzman,,,,,,,,,,,1101
1,2014-usopen-1103,2014,usopen,1103,Maximo Gonzalez,Sam Querrey,,,,,,,,,,,1103
2,2014-usopen-1106,2014,usopen,1106,Michael Llodra,Daniel Gimeno-Traver,,,,,,,,,,,1106
3,2014-usopen-1108,2014,usopen,1108,Marcos Giron,John Isner,,,,,,,,,,,1108
4,2014-usopen-1109,2014,usopen,1109,Jo-Wilfried Tsonga,Juan Monaco,,,,,,,,,,,1109
5,2014-usopen-1110,2014,usopen,1110,James McGee,Aleksandr Nedovyesov,,,,,,,,,,,1110
6,2014-usopen-1112,2014,usopen,1112,Benoit Paire,Julien Benneteau,,,,,,,,,,,1112
7,2014-usopen-1114,2014,usopen,1114,Bradley Klahn,Andrey Kuznetsov,,,,,,,,,,,1114
8,2014-usopen-1116,2014,usopen,1116,Robin Haase,Andy Murray,,,,,,,,,,,1116
9,2014-usopen-1117,2014,usopen,1117,Stan Wawrinka,Jiri Vesely,,,,,,,,,,,1117
10,2014-usopen-1119,2014,usopen,1119,Blaz Kavcic,Donald Young,,,,,,,,,,,1119
11,2014-usopen-1121,2014,usopen,1121,Mikhail Youzhny,Nick Kyrgios,,,,,,,,,,,1121
12,2014-usopen-1123,2014,usopen,1123,Simone Bolelli,Vasek Pospisil,,,,,,,,,,,1123
13,2014-usopen-1124,2014,usopen,1124,Edouard Roger-Vasselin,Tommy Robredo,,,,,,,,,,,1124
14,2014-usopen-1125,2014,usopen,1125,Kei Nishikori,Wayne Odesnik,,,,,,,,,,,1125
15,2014-usopen-1126,2014,usopen,1126,Pablo Andujar,Jack Sock,,,,,,,,,,,1126
16,2014-usopen-1132,2014,usopen,1132,Taro Daniel,Milos Raonic,,,,,,,,,,,1132
17,2014-usopen-1133,2014,usopen,1133,Tomas Berdych,Lleyton Hewitt,,,,,,,,,,,1133
18,2014-usopen-1136,2014,usopen,1136,Teymuraz Gabashvili,Santiago Giraldo,,,,,,,,,,,1136
19,2014-usopen-1137,2014,usopen,1137,Feliciano Lopez,Ivan Dodig,,,,,,,,,,,1137
20,2014-usopen-1138,2014,usopen,1138,Steve Johnson,Tatsuma Ito,,,,,,,,,,,1138
21,2014-usopen-1140,2014,usopen,1140,Kenny De Schepper,Ernests Gulbis,,,,,,,,,,,1140
22,2014-usopen-1141,2014,usopen,1141,Marin Cilic,Marcos Baghdatis,,,,,,,,,,,1141
23,2014-usopen-1143,2014,usopen,1143,Jerzy Janowicz,Dusan Lajovic,,,,,,,,,,,1143
24,2014-usopen-1144,2014,usopen,1144,Pablo Cuevas,Kevin Anderson,,,,,,,,,,,1144
25,2014-usopen-1145,2014,usopen,1145,Gilles Simon,Radu Albot,,,,,,,,,,,1145
26,2014-usopen-1146,2014,usopen,1146,Noah Rubin,Federico Delbonis,,,,,,,,,,,1146
27,2014-usopen-1147,2014,usopen,1147,Bernard Tomic,Dustin Brown,,,,,,,,,,,1147
28,2014-usopen-1148,2014,usopen,1148,Damir Dzumhur,David Ferrer,,,,,,,,,,,1148
29,2014-usopen-1149,2014,usopen,1149,Grigor Dimitrov,Ryan Harrison,,,,,,,,,,,1149
30,2014-usopen-1150,2014,usopen,1150,Carlos Berlocq,Dudi Sela,,,,,,,,,,,1150
31,2014-usopen-1152,2014,usopen,1152,Frank Dancevic,Joao Sousa,,,,,,,,,,,1152
32,2014-usopen-1153,2014,usopen,1153,Gael Monfils,Jared Donaldson,,,,,,,,,,,1153
33,2014-usopen-1155,2014,usopen,1155,Yoshihito Nishioka,Paolo Lorenzi,,,,,,,,,,,1155
34,2014-usopen-1156,2014,usopen,1156,Denis Istomin,Richard Gasquet,,,,,,,,,,,1156
35,2014-usopen-1157,2014,usopen,1157,Fabio Fognini,Andrey Golubev,,,,,,,,,,,1157
36,2014-usopen-1159,2014,usopen,1159,Filip Krajinovic,Tim Smyczek,,,,,,,,,,,1159
37,2014-usopen-1164,2014,usopen,1164,Marinko Matosevic,Roger Federer,,,,,,,,,,,1164
38,2014-usopen-1201,2014,usopen,1201,Novak Djokovic,Paul-Henri Mathieu,,,,,,,,,,,1201
39,2014-usopen-1202,2014,usopen,1202,Sam Querrey,Guillermo Garcia-Lopez,,,,,,,,,,,1202
40,2014-usopen-1203,2014,usopen,1203,Philipp Kohlschreiber,Michael Llodra,,,,,,,,,,,1203
41,2014-usopen-1204,2014,usopen,1204,Jan-Lennard Struff,John Isner,,,,,,,,,,,1204
42,2014-usopen-1205,2014,usopen,1205,Jo-Wilfried Tsonga,Aleksandr Nedovyesov,,,,,,,,,,,1205
43,2014-usopen-1206,2014,usopen,1206,Pablo Carreno Busta,Benoit Paire,,,,,,,,,,,1206
44,2014-usopen-1207,2014,usopen,1207,Fernando Verdasco,Andrey Kuznetsov,,,,,,,,,,,1207
45,2014-usopen-1208,2014,usopen,1208,Matthias Bachinger,Andy Murray,,,,,,,,,,,1208
46,2014-usopen-1209,2014,usopen,1209,Stan Wawrinka,Thomaz Bellucci,,,,,,,,,,,1209
47,2014-usopen-1210,2014,usopen,1210,Blaz Kavcic,Jeremy Chardy,,,,,,,,,,,1210
48,2014-usopen-1211,2014,usopen,1211,Nick Kyrgios,Andreas Seppi,,,,,,,,,,,1211
49,2014-usopen-1212,2014,usopen,1212,Simone Bolelli,Tommy Robredo,,,,,,,,,,,1212
50,2014-usopen-1213,2014,usopen,1213,Kei Nishikori,Pablo Andujar,,,,,,,,,,,1213
51,2014-usopen-1214,2014,usopen,1214,Matthew Ebden,Leonardo Mayer,,,,,,,,,,,1214
52,2014-usopen-1216,2014,usopen,1216,Peter Gojowczyk,Milos Raonic,,,,,,,,,,,1216
53,2014-usopen-1217,2014,usopen,1217,Tomas Berdych,Martin Klizan,,,,,,,,,,,1217
54,2014-usopen-1219,2014,usopen,1219,Feliciano Lopez,Tatsuma Ito,,,,,,,,,,,1219
55,2014-usopen-1220,2014,usopen,1220,Dominic Thiem,Ernests Gulbis,,,,,,,,,,,1220
56,2014-usopen-1221,2014,usopen,1221,Marin Cilic,Illya Marchenko,,,,,,,,,,,1221
57,2014-usopen-1222,2014,usopen,1222,Jerzy Janowicz,Kevin Anderson,,,,,,,,,,,1222
58,2014-usopen-1223,2014,usopen,1223,Gilles Simon,Federico Delbonis,,,,,,,,,,,1223
59,2014-usopen-1225,2014,usopen,1225,Grigor Dimitrov,Dudi Sela,,,,,,,,,,,1225
60,2014-usopen-1227,2014,usopen,1227,Gael Monfils,Alejandro Gonzalez,,,,,,,,,,,1227
61,2014-usopen-1228,2014,usopen,1228,Paolo Lorenzi,Richard Gasquet,,,,,,,,,,,1228
62,2014-usopen-1229,2014,usopen,1229,Fabio Fognini,Adrian Mannarino,,,,,,,,,,,1229
63,2014-usopen-1230,2014,usopen,1230,Tim Smyczek,Roberto Bautista Agut,,,,,,,,,,,1230
64,2014-usopen-1232,2014,usopen,1232,Sam Groth,Roger Federer,,,,,,,,,,,1232
65,2014-usopen-1301,2014,usopen,1301,Novak Djokovic,Sam Querrey,,,,,,,,,,,1301
66,2014-usopen-1302,2014,usopen,1302,Philipp Kohlschreiber,John Isner,,,,,,,,,,,1302
67,2014-usopen-1303,2014,usopen,1303,Jo-Wilfried Tsonga,Pablo Carreno Busta,,,,,,,,,,,1303
68,2014-usopen-1304,2014,usopen,1304,Andrey Kuznetsov,Andy Murray,,,,,,,,,,,1304
69,2014-usopen-1306,2014,usopen,1306,Nick Kyrgios,Tommy Robredo,,,,,,,,,,,1306
70,2014-usopen-1307,2014,usopen,1307,Kei Nishikori,Leonardo Mayer,,,,,,,,,,,1307
71,2014-usopen-1308,2014,usopen,1308,Victor Estrella Burgos,Milos Raonic,,,,,,,,,,,1308
72,2014-usopen-1309,2014,usopen,1309,Tomas Berdych,Teymuraz Gabashvili,,,,,,,,,,,1309
73,2014-usopen-1310,2014,usopen,1310,Feliciano Lopez,Dominic Thiem,,,,,,,,,,,1310
74,2014-usopen-1311,2014,usopen,1311,Marin Cilic,Kevin Anderson,,,,,,,,,,,1311
75,2014-usopen-1312,2014,usopen,1312,Gilles Simon,David Ferrer,,,,,,,,,,,1312
76,2014-usopen-1313,2014,usopen,1313,Grigor Dimitrov,David Goffin,,,,,,,,,,,1313
77,2014-usopen-1314,2014,usopen,1314,Gael Monfils,Richard Gasquet,,,,,,,,,,,1314
78,2014-usopen-1315,2014,usopen,1315,Adrian Mannarino,Roberto Bautista Agut,,,,,,,,,,,1315
79,2014-usopen-1316,2014,usopen,1316,Marcel Granollers,Roger Federer,,,,,,,,,,,1316
80,2014-usopen-1401,2014,usopen,1401,Novak Djokovic,Philipp Kohlschreiber,,,,,,,,,,,1401
81,2014-usopen-1402,2014,usopen,1402,Jo-Wilfried Tsonga,Andy Murray,,,,,,,,,,,1402
82,2014-usopen-1403,2014,usopen,1403,Stan Wawrinka,Tommy Robredo,,,,,,,,,,,1403
83,2014-usopen-1404,2014,usopen,1404,Kei Nishikori,Milos Raonic,,,,,,,,,,,1404
84,2014-usopen-1405,2014,usopen,1405,Tomas Berdych,Dominic Thiem,,,,,,,,,,,1405
85,2014-usopen-1406,2014,usopen,1406,Marin Cilic,Gilles Simon,,,,,,,,,,,1406
86,2014-usopen-1407,2014,usopen,1407,Grigor Dimitrov,Gael Monfils,,,,,,,,,,,1407
87,2014-usopen-1408,2014,usopen,1408,Roberto Bautista Agut,Roger Federer,,,,,,,,,,,1408
88,2014-usopen-1501,2014,usopen,1501,Novak Djokovic,Andy Murray,,,,,,,,,,,1501
89,2014-usopen-1502,2014,usopen,1502,Stan Wawrinka,Kei Nishikori,,,,,,,,,,,1502
90,2014-usopen-1503,2014,usopen,1503,Tomas Berdych,Marin Cilic,,,,,,,,,,,1503
91,2014-usopen-1504,2014,usopen,1504,Gael Monfils,Roger Federer,,,,,,,,,,,1504
92,2014-usopen-1601,2014,usopen,1601,Novak Djokovic,Kei Nishikori,,,,,,,,,,,1601
93,2014-usopen-1602,2014,usopen,1602,Marin Cilic,Roger Federer,,,,,,,,,,,1602
94,2014-usopen-1701,2014,usopen,1701,Kei Nishikori,Marin Cilic,,,,,,,,,,,1701
0,2015-usopen-1101,2015,usopen,1101,Novak Djokovic,Joao Souza,,,,,,,,,,,1101
1,2015-usopen-1108,2015,usopen,1108,Simone Bolelli,David Goffin,,,,,,,,,,,1108
2,2015-usopen-1109,2015,usopen,1109,Milos Raonic,Tim Smyczek,,,,,,,,,,,1109
3,2015-usopen-1110,2015,usopen,1110,Fernando Verdasco,Tommy Haas,,,,,,,,,,,1110
4,2015-usopen-1111,2015,usopen,1111,Marco Cecchinato,Mardy Fish,,,,,,,,,,,1111
5,2015-usopen-1113,2015,usopen,1113,Fabio Fognini,Steve Johnson,,,,,,,,,,,1113
6,2015-usopen-1116,2015,usopen,1116,Borna Coric,Rafael Nadal,,,,,,,,,,,1116
7,2015-usopen-1117,2015,usopen,1117,Kei Nishikori,Benoit Paire,,,,,,,,,,,1117
8,2015-usopen-1120,2015,usopen,1120,Michael Berrer,Tommy Robredo,,,,,,,,,,,1120
9,2015-usopen-1121,2015,usopen,1121,Jo Wilfried Tsonga,Jarkko Nieminen,,,,,,,,,,,1121
10,2015-usopen-1124,2015,usopen,1124,Illya Marchenko,Gael Monfils,,,,,,,,,,,1124
11,2015-usopen-1125,2015,usopen,1125,Marin Cilic,Guido Pella,,,,,,,,,,,1125
12,2015-usopen-1128,2015,usopen,1128,Matthew Ebden,Grigor Dimitrov,,,,,,,,,,,1128
13,2015-usopen-1132,2015,usopen,1132,Radu Albot,David Ferrer,,,,,,,,,,,1132
14,2015-usopen-1133,2015,usopen,1133,Stan Wawrinka,Albert Ramos Vinolas,,,,,,,,,,,1133
15,2015-usopen-1136,2015,usopen,1136,Victor Estrella Burgos,Jack Sock,,,,,,,,,,,1136
16,2015-usopen-1137,2015,usopen,1137,Viktor Troicki,Frances Tiafoe,,,,,,,,,,,1137
17,2015-usopen-1140,2015,usopen,1140,Donald Young,Gilles Simon,,,,,,,,,,,1140
18,2015-usopen-1141,2015,usopen,1141,Kevin Anderson,Andrey Rublev,,,,,,,,,,,1141
19,2015-usopen-1146,2015,usopen,1146,Paul Henri Mathieu,Yoshihito Nishioka,,,,,,,,,,,1146
20,2015-usopen-1148,2015,usopen,1148,Nick Kyrgios,Andy Murray,,,,,,,,,,,1148
21,2015-usopen-1149,2015,usopen,1149,Tomas Berdych,Bjorn Fratangelo,,,,,,,,,,,1149
22,2015-usopen-1151,2015,usopen,1151,Sam Querrey,Nicolas Mahut,,,,,,,,,,,1151
23,2015-usopen-1153,2015,usopen,1153,Bernard Tomic,Damir Dzumhur,,,,,,,,,,,1153
24,2015-usopen-1154,2015,usopen,1154,Aleksandr Nedovyesov,Lleyton Hewitt,,,,,,,,,,,1154
25,2015-usopen-1156,2015,usopen,1156,Thanasi Kokkinakis,Richard Gasquet,,,,,,,,,,,1156
26,2015-usopen-1157,2015,usopen,1157,John Isner,Malek Jaziri,,,,,,,,,,,1157
27,2015-usopen-1164,2015,usopen,1164,Leonardo Mayer,Roger Federer,,,,,,,,,,,1164
28,2015-usopen-1201,2015,usopen,1201,Novak Djokovic,Andreas Haider Maurer,,,,,,,,,,,1201
29,2015-usopen-1202,2015,usopen,1202,Teymuraz Gabashvili,Andreas Seppi,,,,,,,,,,,1202
30,2015-usopen-1204,2015,usopen,1204,Ricardas Berankis,David Goffin,,,,,,,,,,,1204
31,2015-usopen-1205,2015,usopen,1205,Milos Raonic,Fernando Verdasco,,,,,,,,,,,1205
32,2015-usopen-1206,2015,usopen,1206,Mardy Fish,Feliciano Lopez,,,,,,,,,,,1206
33,2015-usopen-1207,2015,usopen,1207,Fabio Fognini,Pablo Cuevas,,,,,,,,,,,1207
34,2015-usopen-1208,2015,usopen,1208,Diego Schwartzman,Rafael Nadal,,,,,,,,,,,1208
35,2015-usopen-1209,2015,usopen,1209,Benoit Paire,Marsel Ilhan,,,,,,,,,,,1209
36,2015-usopen-1210,2015,usopen,1210,Sam Groth,Tommy Robredo,,,,,,,,,,,1210
37,2015-usopen-1211,2015,usopen,1211,Jo Wilfried Tsonga,Marcel Granollers,,,,,,,,,,,1211
38,2015-usopen-1213,2015,usopen,1213,Marin Cilic,Evgeny Donskoy,,,,,,,,,,,1213
39,2015-usopen-1214,2015,usopen,1214,Mikhail Kukushkin,Grigor Dimitrov,,,,,,,,,,,1214
40,2015-usopen-1215,2015,usopen,1215,Jeremy Chardy,Martin Klizan,,,,,,,,,,,1215
41,2015-usopen-1216,2015,usopen,1216,Filip Krajinovic,David Ferrer,,,,,,,,,,,1216
42,2015-usopen-1217,2015,usopen,1217,Stan Wawrinka,Hyeon Chung,,,,,,,,,,,1217
43,2015-usopen-1218,2015,usopen,1218,Ruben Bemelmans,Jack Sock,,,,,,,,,,,1218
44,2015-usopen-1219,2015,usopen,1219,Viktor Troicki,Rajeev Ram,,,,,,,,,,,1219
45,2015-usopen-1220,2015,usopen,1220,Aljaz Bedene,Donald Young,,,,,,,,,,,1220
46,2015-usopen-1221,2015,usopen,1221,Kevin Anderson,Austin Krajicek,,,,,,,,,,,1221
47,2015-usopen-1223,2015,usopen,1223,Thomaz Bellucci,Yoshihito Nishioka,,,,,,,,,,,1223
48,2015-usopen-1224,2015,usopen,1224,Adrian Mannarino,Andy Murray,,,,,,,,,,,1224
49,2015-usopen-1225,2015,usopen,1225,Tomas Berdych,Jurgen Melzer,,,,,,,,,,,1225
50,2015-usopen-1226,2015,usopen,1226,Nicolas Mahut,Guillermo Garcia Lopez,,,,,,,,,,,1226
51,2015-usopen-1227,2015,usopen,1227,Bernard Tomic,Lleyton Hewitt,,,,,,,,,,,1227
52,2015-usopen-1228,2015,usopen,1228,Robin Haase,Richard Gasquet,,,,,,,,,,,1228
53,2015-usopen-1229,2015,usopen,1229,John Isner,Mikhail Youzhny,,,,,,,,,,,1229
54,2015-usopen-1231,2015,usopen,1231,Philipp Kohlschreiber,Lukas Rosol,,,,,,,,,,,1231
55,2015-usopen-1232,2015,usopen,1232,Steve Darcis,Roger Federer,,,,,,,,,,,1232
56,2015-usopen-1301,2015,usopen,1301,Novak Djokovic,Andreas Seppi,,,,,,,,,,,1301
57,2015-usopen-1302,2015,usopen,1302,Roberto Bautista Agut,David Goffin,,,,,,,,,,,1302
58,2015-usopen-1303,2015,usopen,1303,Milos Raonic,Feliciano Lopez,,,,,,,,,,,1303
59,2015-usopen-1304,2015,usopen,1304,Fabio Fognini,Rafael Nadal,,,,,,,,,,,1304
60,2015-usopen-1305,2015,usopen,1305,Benoit Paire,Tommy Robredo,,,,,,,,,,,1305
61,2015-usopen-1306,2015,usopen,1306,Jo Wilfried Tsonga,Sergiy Stakhovsky,,,,,,,,,,,1306
62,2015-usopen-1307,2015,usopen,1307,Marin Cilic,Mikhail Kukushkin,,,,,,,,,,,1307
63,2015-usopen-1308,2015,usopen,1308,Jeremy Chardy,David Ferrer,,,,,,,,,,,1308
64,2015-usopen-1309,2015,usopen,1309,Stan Wawrinka,Ruben Bemelmans,,,,,,,,,,,1309
65,2015-usopen-1310,2015,usopen,1310,Viktor Troicki,Donald Young,,,,,,,,,,,1310
66,2015-usopen-1311,2015,usopen,1311,Kevin Anderson,Dominic Thiem,,,,,,,,,,,1311
67,2015-usopen-1312,2015,usopen,1312,Thomaz Bellucci,Andy Murray,,,,,,,,,,,1312
68,2015-usopen-1313,2015,usopen,1313,Tomas Berdych,Guillermo Garcia Lopez,,,,,,,,,,,1313
69,2015-usopen-1314,2015,usopen,1314,Bernard Tomic,Richard Gasquet,,,,,,,,,,,1314
70,2015-usopen-1315,2015,usopen,1315,John Isner,Jiri Vesely,,,,,,,,,,,1315
71,2015-usopen-1316,2015,usopen,1316,Philipp Kohlschreiber,Roger Federer,,,,,,,,,,,1316
72,2015-usopen-1401,2015,usopen,1401,Novak Djokovic,Roberto Bautista Agut,,,,,,,,,,,1401
73,2015-usopen-1402,2015,usopen,1402,Feliciano Lopez,Fabio Fognini,,,,,,,,,,,1402
74,2015-usopen-1403,2015,usopen,1403,Benoit Paire,Jo Wilfried Tsonga,,,,,,,,,,,1403
75,2015-usopen-1404,2015,usopen,1404,Marin Cilic,Jeremy Chardy,,,,,,,,,,,1404
76,2015-usopen-1405,2015,usopen,1405,Stan Wawrinka,Donald Young,,,,,,,,,,,1405
77,2015-usopen-1406,2015,usopen,1406,Kevin Anderson,Andy Murray,,,,,,,,,,,1406
78,2015-usopen-1407,2015,usopen,1407,Tomas Berdych,Richard Gasquet,,,,,,,,,,,1407
79,2015-usopen-1408,2015,usopen,1408,John Isner,Roger Federer,,,,,,,,,,,1408
80,2015-usopen-1501,2015,usopen,1501,Novak Djokovic,Feliciano Lopez,,,,,,,,,,,1501
81,2015-usopen-1502,2015,usopen,1502,Jo Wilfried Tsonga,Marin Cilic,,,,,,,,,,,1502
82,2015-usopen-1503,2015,usopen,1503,Stan Wawrinka,Kevin Anderson,,,,,,,,,,,1503
83,2015-usopen-1504,2015,usopen,1504,Richard Gasquet,Roger Federer,,,,,,,,,,,1504
84,2015-usopen-1601,2015,usopen,1601,Novak Djokovic,Marin Cilic,,,,,,,,,,,1601
85,2015-usopen-1602,2015,usopen,1602,Stan Wawrinka,Roger Federer,,,,,,,,,,,1602
86,2015-usopen-1701,2015,usopen,1701,Novak Djokovic,Roger Federer,,,,,,,,,,,1701
0,2016-usopen-1101,2016,usopen,1101,Novak Djokovic,Jerzy Janowicz,,,,,,,,,,,1101
1,2016-usopen-1105,2016,usopen,1105,John Isner,Frances Tiafoe,,,,,,,,,,,1105
2,2016-usopen-1106,2016,usopen,1106,Jordan Thompson,Steve Darcis,,,,,,,,,,,1106
3,2016-usopen-1108,2016,usopen,1108,Kyle Edmund,Richard Gasquet,,,,,,,,,,,1108
4,2016-usopen-1109,2016,usopen,1109,Jo Wilfried Tsonga,Guido Andreozzi,,,,,,,,,,,1109
5,2016-usopen-1110,2016,usopen,1110,James Duckworth,Robin Haase,,,,,,,,,,,1110
6,2016-usopen-1111,2016,usopen,1111,Vasek Pospisil,Jozef Kovalik,,,,,,,,,,,1111
7,2016-usopen-1112,2016,usopen,1112,Yoshihito Nishioka,Kevin Anderson,,,,,,,,,,,1112
8,2016-usopen-1113,2016,usopen,1113,Jack Sock,Taylor Fritz,,,,,,,,,,,1113
9,2016-usopen-1116,2016,usopen,1116,Rogerio Dutra Silva,Marin Cilic,,,,,,,,,,,1116
10,2016-usopen-1117,2016,usopen,1117,Rafael Nadal,Denis Istomin,,,,,,,,,,,1117
11,2016-usopen-1123,2016,usopen,1123,Brian Baker,Federico Delbonis,,,,,,,,,,,1123
12,2016-usopen-1125,2016,usopen,1125,Gael Monfils,Gilles Muller,,,,,,,,,,,1125
13,2016-usopen-1132,2016,usopen,1132,Dustin Brown,Milos Raonic,,,,,,,,,,,1132
14,2016-usopen-1133,2016,usopen,1133,Dominic Thiem,John Millman,,,,,,,,,,,1133
15,2016-usopen-1136,2016,usopen,1136,Janko Tipsarevic,Sam Querrey,,,,,,,,,,,1136
16,2016-usopen-1137,2016,usopen,1137,Steve Johnson,Evgeny Donskoy,,,,,,,,,,,1137
17,2016-usopen-1138,2016,usopen,1138,Juan Martin del Potro,Diego Schwartzman,,,,,,,,,,,1138
18,2016-usopen-1141,2016,usopen,1141,Nick Kyrgios,Aljaz Bedene,,,,,,,,,,,1141
19,2016-usopen-1144,2016,usopen,1144,Damir Dzumhur,Bernard Tomic,,,,,,,,,,,1144
20,2016-usopen-1145,2016,usopen,1145,Alexander Zverev,Daniel Brands,,,,,,,,,,,1145
21,2016-usopen-1148,2016,usopen,1148,Fernando Verdasco,Stan Wawrinka,,,,,,,,,,,1148
22,2016-usopen-1149,2016,usopen,1149,Kei Nishikori,Benjamin Becker,,,,,,,,,,,1149
23,2016-usopen-1152,2016,usopen,1152,Nicolas Mahut,Philipp Kohlschreiber,,,,,,,,,,,1152
24,2016-usopen-1154,2016,usopen,1154,Donald Young,Jan Lennard Struff,,,,,,,,,,,1154
25,2016-usopen-1156,2016,usopen,1156,Jared Donaldson,David Goffin,,,,,,,,,,,1156
26,2016-usopen-1157,2016,usopen,1157,Feliciano Lopez,Borna Coric,,,,,,,,,,,1157
27,2016-usopen-1164,2016,usopen,1164,Lukas Rosol,Andy Murray,,,,,,,,,,,1164
28,2016-usopen-1203,2016,usopen,1203,John Isner,Steve Darcis,,,,,,,,,,,1203
29,2016-usopen-1204,2016,usopen,1204,Ernesto Escobedo,Kyle Edmund,,,,,,,,,,,1204
30,2016-usopen-1205,2016,usopen,1205,Jo Wilfried Tsonga,James Duckworth,,,,,,,,,,,1205
31,2016-usopen-1206,2016,usopen,1206,Vasek Pospisil,Kevin Anderson,,,,,,,,,,,1206
32,2016-usopen-1207,2016,usopen,1207,Jack Sock,Mischa Zverev,,,,,,,,,,,1207
33,2016-usopen-1208,2016,usopen,1208,Sergiy Stakhovsky,Marin Cilic,,,,,,,,,,,1208
34,2016-usopen-1209,2016,usopen,1209,Rafael Nadal,Andreas Seppi,,,,,,,,,,,1209
35,2016-usopen-1211,2016,usopen,1211,Lucas Pouille,Marco Chiudinelli,,,,,,,,,,,1211
36,2016-usopen-1212,2016,usopen,1212,Federico Delbonis,Roberto Bautista Agut,,,,,,,,,,,1212
37,2016-usopen-1213,2016,usopen,1213,Gael Monfils,Jan Satral,,,,,,,,,,,1213
38,2016-usopen-1214,2016,usopen,1214,Nicolas Almagro,Pablo Cuevas,,,,,,,,,,,1214
39,2016-usopen-1215,2016,usopen,1215,Benoit Paire,Marcos Baghdatis,,,,,,,,,,,1215
40,2016-usopen-1216,2016,usopen,1216,Ryan Harrison,Milos Raonic,,,,,,,,,,,1216
41,2016-usopen-1217,2016,usopen,1217,Dominic Thiem,Ricardas Berankis,,,,,,,,,,,1217
42,2016-usopen-1219,2016,usopen,1219,Steve Johnson,Juan Martin del Potro,,,,,,,,,,,1219
43,2016-usopen-1220,2016,usopen,1220,Fabio Fognini,David Ferrer,,,,,,,,,,,1220
44,2016-usopen-1221,2016,usopen,1221,Nick Kyrgios,Horacio Zeballos,,,,,,,,,,,1221
45,2016-usopen-1224,2016,usopen,1224,Alessandro Giannessi,Stan Wawrinka,,,,,,,,,,,1224
46,2016-usopen-1225,2016,usopen,1225,Kei Nishikori,Karen Khachanov,,,,,,,,,,,1225
47,2016-usopen-1226,2016,usopen,1226,Paul Henri Mathieu,Nicolas Mahut,,,,,,,,,,,1226
48,2016-usopen-1227,2016,usopen,1227,Ivo Karlovic,Donald Young,,,,,,,,,,,1227
49,2016-usopen-1228,2016,usopen,1228,Viktor Troicki,Jared Donaldson,,,,,,,,,,,1228
50,2016-usopen-1229,2016,usopen,1229,Feliciano Lopez,Joao Sousa,,,,,,,,,,,1229
51,2016-usopen-1230,2016,usopen,1230,Jeremy Chardy,Grigor Dimitrov,,,,,,,,,,,1230
52,2016-usopen-1232,2016,usopen,1232,Marcel Granollers,Andy Murray,,,,,,,,,,,1232
53,2016-usopen-1301,2016,usopen,1301,Novak Djokovic,Mikhail Youzhny,,,,,,,,,,,1301
54,2016-usopen-1302,2016,usopen,1302,John Isner,Kyle Edmund,,,,,,,,,,,1302
55,2016-usopen-1303,2016,usopen,1303,Jo Wilfried Tsonga,Kevin Anderson,,,,,,,,,,,1303
56,2016-usopen-1304,2016,usopen,1304,Jack Sock,Marin Cilic,,,,,,,,,,,1304
57,2016-usopen-1305,2016,usopen,1305,Rafael Nadal,Andrey Kuznetsov,,,,,,,,,,,1305
58,2016-usopen-1306,2016,usopen,1306,Lucas Pouille,Roberto Bautista Agut,,,,,,,,,,,1306
59,2016-usopen-1307,2016,usopen,1307,Gael Monfils,Nicolas Almagro,,,,,,,,,,,1307
60,2016-usopen-1308,2016,usopen,1308,Marcos Baghdatis,Ryan Harrison,,,,,,,,,,,1308
61,2016-usopen-1309,2016,usopen,1309,Dominic Thiem,Pablo Carreno Busta,,,,,,,,,,,1309
62,2016-usopen-1310,2016,usopen,1310,Juan Martin del Potro,David Ferrer,,,,,,,,,,,1310
63,2016-usopen-1311,2016,usopen,1311,Nick Kyrgios,Illya Marchenko,,,,,,,,,,,1311
64,2016-usopen-1312,2016,usopen,1312,Daniel Evans,Stan Wawrinka,,,,,,,,,,,1312
65,2016-usopen-1313,2016,usopen,1313,Kei Nishikori,Nicolas Mahut,,,,,,,,,,,1313
66,2016-usopen-1314,2016,usopen,1314,Ivo Karlovic,Jared Donaldson,,,,,,,,,,,1314
67,2016-usopen-1315,2016,usopen,1315,Joao Sousa,Grigor Dimitrov,,,,,,,,,,,1315
68,2016-usopen-1316,2016,usopen,1316,Paolo Lorenzi,Andy Murray,,,,,,,,,,,1316
69,2016-usopen-1401,2016,usopen,1401,Novak Djokovic,Kyle Edmund,,,,,,,,,,,1401
70,2016-usopen-1402,2016,usopen,1402,Jo Wilfried Tsonga,Jack Sock,,,,,,,,,,,1402
71,2016-usopen-1403,2016,usopen,1403,Rafael Nadal,Lucas Pouille,,,,,,,,,,,1403
72,2016-usopen-1404,2016,usopen,1404,Gael Monfils,Marcos Baghdatis,,,,,,,,,,,1404
73,2016-usopen-1405,2016,usopen,1405,Dominic Thiem,Juan Martin del Potro,,,,,,,,,,,1405
74,2016-usopen-1406,2016,usopen,1406,Illya Marchenko,Stan Wawrinka,,,,,,,,,,,1406
75,2016-usopen-1407,2016,usopen,1407,Kei Nishikori,Ivo Karlovic,,,,,,,,,,,1407
76,2016-usopen-1408,2016,usopen,1408,Grigor Dimitrov,Andy Murray,,,,,,,,,,,1408
77,2016-usopen-1501,2016,usopen,1501,Novak Djokovic,Jo Wilfried Tsonga,,,,,,,,,,,1501
78,2016-usopen-1502,2016,usopen,1502,Lucas Pouille,Gael Monfils,,,,,,,,,,,1502
79,2016-usopen-1503,2016,usopen,1503,Juan Martin del Potro,Stan Wawrinka,,,,,,,,,,,1503
80,2016-usopen-1504,2016,usopen,1504,Kei Nishikori,Andy Murray,,,,,,,,,,,1504
81,2016-usopen-1601,2016,usopen,1601,Novak Djokovic,Gael Monfils,,,,,,,,,,,1601
82,2016-usopen-1602,2016,usopen,1602,Stan Wawrinka,Kei Nishikori,,,,,,,,,,,1602
83,2016-usopen-1701,2016,usopen,1701,Novak Djokovic,Stan Wawrinka,,,,,,,,,,,1701
0,2017-usopen-1101,2017,usopen,1101,Rafael Nadal,Dusan Lajovic,,,,,,,,,,,1101
1,2017-usopen-1103,2017,usopen,1103,Yuichi Sugita,Geoffrey Blancaneaux,,,,,,,,,,,1103
2,2017-usopen-1104,2017,usopen,1104,Leonardo Mayer,Richard Gasquet,,,,,,,,,,,1104
3,2017-usopen-1108,2017,usopen,1108,Ryan Harrison,Tomas Berdych,,,,,,,,,,,1108
4,2017-usopen-1109,2017,usopen,1109,David Goffin,Julien Benneteau,,,,,,,,,,,1109
5,2017-usopen-1112,2017,usopen,1112,Jeremy Chardy,Gael Monfils,,,,,,,,,,,1112
6,2017-usopen-1116,2017,usopen,1116,Vaclav Safranek,Grigor Dimitrov,,,,,,,,,,,1116
7,2017-usopen-1117,2017,usopen,1117,Roger Federer,Frances Tiafoe,,,,,,,,,,,1117
8,2017-usopen-1120,2017,usopen,1120,Andrey Kuznetsov,Feliciano Lopez,,,,,,,,,,,1120
9,2017-usopen-1124,2017,usopen,1124,John Millman,Nick Kyrgios,,,,,,,,,,,1124
10,2017-usopen-1128,2017,usopen,1128,Henri Laaksonen,Juan Martin del Potro,,,,,,,,,,,1128
11,2017-usopen-1131,2017,usopen,1131,Marcos Baghdatis,Taylor Fritz,,,,,,,,,,,1131
12,2017-usopen-1132,2017,usopen,1132,Alex de Minaur,Dominic Thiem,,,,,,,,,,,1132
13,2017-usopen-1133,2017,usopen,1133,Sam Querrey,Gilles Simon,,,,,,,,,,,1133
14,2017-usopen-1136,2017,usopen,1136,Yen Hsun Lu,Karen Khachanov,,,,,,,,,,,1136
15,2017-usopen-1139,2017,usopen,1139,Horacio Zeballos,Hyeon Chung,,,,,,,,,,,1139
16,2017-usopen-1140,2017,usopen,1140,Pierre Hugues Herbert,John Isner,,,,,,,,,,,1140
17,2017-usopen-1141,2017,usopen,1141,Jack Sock,Jordan Thompson,,,,,,,,,,,1141
18,2017-usopen-1144,2017,usopen,1144,Bernard Tomic,Gilles Muller,,,,,,,,,,,1144
19,2017-usopen-1145,2017,usopen,1145,Kevin Anderson,JC Aragone,,,,,,,,,,,1145
20,2017-usopen-1148,2017,usopen,1148,Darian King,Alexander Zverev,,,,,,,,,,,1148
21,2017-usopen-1149,2017,usopen,1149,Jo Wilfried Tsonga,Marius Copil,,,,,,,,,,,1149
22,2017-usopen-1151,2017,usopen,1151,Nicolas Almagro,Steve Johnson,,,,,,,,,,,1151
23,2017-usopen-1152,2017,usopen,1152,Kyle Edmund,Robin Haase,,,,,,,,,,,1152
24,2017-usopen-1157,2017,usopen,1157,Lucas Pouille,Ruben Bemelmans,,,,,,,,,,,1157
25,2017-usopen-1162,2017,usopen,1162,Thanasi Kokkinakis,Janko Tipsarevic,,,,,,,,,,,1162
26,2017-usopen-1164,2017,usopen,1164,Tennys Sandgren,Marin Cilic,,,,,,,,,,,1164
27,2017-usopen-1201,2017,usopen,1201,Rafael Nadal,Taro Daniel,,,,,,,,,,,1201
28,2017-usopen-1202,2017,usopen,1202,Yuichi Sugita,Leonardo Mayer,,,,,,,,,,,1202
29,2017-usopen-1203,2017,usopen,1203,Stefano Travaglia,Viktor Troicki,,,,,,,,,,,1203
30,2017-usopen-1204,2017,usopen,1204,Alexandr Dolgopolov,Tomas Berdych,,,,,,,,,,,1204
31,2017-usopen-1205,2017,usopen,1205,David Goffin,Guido Pella,,,,,,,,,,,1205
32,2017-usopen-1206,2017,usopen,1206,Donald Young,Gael Monfils,,,,,,,,,,,1206
33,2017-usopen-1208,2017,usopen,1208,Andrey Rublev,Grigor Dimitrov,,,,,,,,,,,1208
34,2017-usopen-1209,2017,usopen,1209,Roger Federer,Mikhail Youzhny,,,,,,,,,,,1209
35,2017-usopen-1210,2017,usopen,1210,Fernando Verdasco,Feliciano Lopez,,,,,,,,,,,1210
36,2017-usopen-1211,2017,usopen,1211,Philipp Kohlschreiber,Santiago Giraldo,,,,,,,,,,,1211
37,2017-usopen-1212,2017,usopen,1212,Malek Jaziri,John Millman,,,,,,,,,,,1212
38,2017-usopen-1214,2017,usopen,1214,Adrian Menendez Maceiras,Juan Martin del Potro,,,,,,,,,,,1214
39,2017-usopen-1215,2017,usopen,1215,Adrian Mannarino,Bjorn Fratangelo,,,,,,,,,,,1215
40,2017-usopen-1216,2017,usopen,1216,Taylor Fritz,Dominic Thiem,,,,,,,,,,,1216
41,2017-usopen-1217,2017,usopen,1217,Sam Querrey,Dudi Sela,,,,,,,,,,,1217
42,2017-usopen-1220,2017,usopen,1220,Hyeon Chung,John Isner,,,,,,,,,,,1220
43,2017-usopen-1224,2017,usopen,1224,Borna Coric,Alexander Zverev,,,,,,,,,,,1224
44,2017-usopen-1225,2017,usopen,1225,Jo Wilfried Tsonga,Denis Shapovalov,,,,,,,,,,,1225
45,2017-usopen-1226,2017,usopen,1226,Steve Johnson,Kyle Edmund,,,,,,,,,,,1226
46,2017-usopen-1229,2017,usopen,1229,Lucas Pouille,Jared Donaldson,,,,,,,,,,,1229
47,2017-usopen-1232,2017,usopen,1232,Florian Mayer,Marin Cilic,,,,,,,,,,,1232
48,2017-usopen-1301,2017,usopen,1301,Rafael Nadal,Leonardo Mayer,,,,,,,,,,,1301
49,2017-usopen-1302,2017,usopen,1302,Viktor Troicki,Alexandr Dolgopolov,,,,,,,,,,,1302
50,2017-usopen-1303,2017,usopen,1303,David Goffin,Gael Monfils,,,,,,,,,,,1303
51,2017-usopen-1304,2017,usopen,1304,Damir Dzumhur,Andrey Rublev,,,,,,,,,,,1304
52,2017-usopen-1305,2017,usopen,1305,Roger Federer,Feliciano Lopez,,,,,,,,,,,1305
53,2017-usopen-1306,2017,usopen,1306,Philipp Kohlschreiber,John Millman,,,,,,,,,,,1306
54,2017-usopen-1307,2017,usopen,1307,Roberto Bautista Agut,Juan Martin del Potro,,,,,,,,,,,1307
55,2017-usopen-1308,2017,usopen,1308,Adrian Mannarino,Dominic Thiem,,,,,,,,,,,1308
56,2017-usopen-1309,2017,usopen,1309,Sam Querrey,Radu Albot,,,,,,,,,,,1309
57,2017-usopen-1310,2017,usopen,1310,Mischa Zverev,John Isner,,,,,,,,,,,1310
58,2017-usopen-1311,2017,usopen,1311,Thomas Fabbiano,Paolo Lorenzi,,,,,,,,,,,1311
59,2017-usopen-1312,2017,usopen,1312,Kevin Anderson,Borna Coric,,,,,,,,,,,1312
60,2017-usopen-1313,2017,usopen,1313,Denis Shapovalov,Kyle Edmund,,,,,,,,,,,1313
61,2017-usopen-1314,2017,usopen,1314,Nicolas Mahut,Pablo Carreno Busta,,,,,,,,,,,1314
62,2017-usopen-1315,2017,usopen,1315,Lucas Pouille,Mikhail Kukushkin,,,,,,,,,,,1315
63,2017-usopen-1316,2017,usopen,1316,Diego Schwartzman,Marin Cilic,,,,,,,,,,,1316
64,2017-usopen-1401,2017,usopen,1401,Rafael Nadal,Alexandr Dolgopolov,,,,,,,,,,,1401
65,2017-usopen-1402,2017,usopen,1402,David Goffin,Andrey Rublev,,,,,,,,,,,1402
66,2017-usopen-1403,2017,usopen,1403,Roger Federer,Philipp Kohlschreiber,,,,,,,,,,,1403
67,2017-usopen-1404,2017,usopen,1404,Juan Martin del Potro,Dominic Thiem,,,,,,,,,,,1404
68,2017-usopen-1405,2017,usopen,1405,Sam Querrey,Mischa Zverev,,,,,,,,,,,1405
69,2017-usopen-1406,2017,usopen,1406,Paolo Lorenzi,Kevin Anderson,,,,,,,,,,,1406
70,2017-usopen-1407,2017,usopen,1407,Denis Shapovalov,Pablo Carreno Busta,,,,,,,,,,,1407
71,2017-usopen-1408,2017,usopen,1408,Lucas Pouille,Diego Schwartzman,,,,,,,,,,,1408
72,2017-usopen-1501,2017,usopen,1501,Rafael Nadal,Andrey Rublev,,,,,,,,,,,1501
73,2017-usopen-1502,2017,usopen,1502,Roger Federer,Juan Martin del Potro,,,,,,,,,,,1502
74,2017-usopen-1503,2017,usopen,1503,Sam Querrey,Kevin Anderson,,,,,,,,,,,1503
75,2017-usopen-1504,2017,usopen,1504,Pablo Carreno Busta,Diego Schwartzman,,,,,,,,,,,1504
76,2017-usopen-1601,2017,usopen,1601,Rafael Nadal,Juan Martin del Potro,,,,,,,,,,,1601
77,2017-usopen-1602,2017,usopen,1602,Kevin Anderson,Pablo Carreno Busta,,,,,,,,,,,1602
78,2017-usopen-1701,2017,usopen,1701,Rafael Nadal,Kevin Anderson,,,,,,,,,,,1701
0,2018-usopen-1101,2018,usopen,1101,Rafael Nadal,David Ferrer,,,,,,,,,,,1101
1,2018-usopen-1105,2018,usopen,1105,Jack Sock,Guido Andreozzi,,,,,,,,,,,1105
2,2018-usopen-1108,2018,usopen,1108,Paolo Lorenzi,Kyle Edmund,,,,,,,,,,,1108
3,2018-usopen-1109,2018,usopen,1109,Dominic Thiem,Mirza Basic,,,,,,,,,,,1109
4,2018-usopen-1111,2018,usopen,1111,Mischa Zverev,Taylor Fritz,,,,,,,,,,,1111
5,2018-usopen-1113,2018,usopen,1113,Denis Shapovalov,Felix Auger Aliassime,,,,,,,,,,,1113
6,2018-usopen-1114,2018,usopen,1114,Sam Querrey,Andreas Seppi,,,,,,,,,,,1114
7,2018-usopen-1116,2018,usopen,1116,Ryan Harrison,Kevin Anderson,,,,,,,,,,,1116
8,2018-usopen-1117,2018,usopen,1117,Juan Martin Del Potro,Donald Young,,,,,,,,,,,1117
9,2018-usopen-1119,2018,usopen,1119,Andy Murray,James Duckworth,,,,,,,,,,,1119
10,2018-usopen-1125,2018,usopen,1125,John Isner,Bradley Klahn,,,,,,,,,,,1125
11,2018-usopen-1127,2018,usopen,1127,Cameron Norrie,Jordan Thompson,,,,,,,,,,,1127
12,2018-usopen-1129,2018,usopen,1129,Milos Raonic,Carlos Berlocq,,,,,,,,,,,1129
13,2018-usopen-1132,2018,usopen,1132,Stan Wawrinka,Grigor Dimitrov,,,,,,,,,,,1132
14,2018-usopen-1133,2018,usopen,1133,Marin Cilic,Marius Copil,,,,,,,,,,,1133
15,2018-usopen-1135,2018,usopen,1135,Alex de Minaur,Taro Daniel,,,,,,,,,,,1135
16,2018-usopen-1136,2018,usopen,1136,Frances Tiafoe,Adrian Mannarino,,,,,,,,,,,1136
17,2018-usopen-1137,2018,usopen,1137,Marco Cecchinato,Julien Benneteau,,,,,,,,,,,1137
18,2018-usopen-1141,2018,usopen,1141,Diego Schwartzman,Federico Delbonis,,,,,,,,,,,1141
19,2018-usopen-1143,2018,usopen,1143,Facundo Bagnis,Gael Monfils,,,,,,,,,,,1143
20,2018-usopen-1144,2018,usopen,1144,Maximilian Marterer,Kei Nishikori,,,,,,,,,,,1144
21,2018-usopen-1148,2018,usopen,1148,Peter Polansky,Alexander Zverev,,,,,,,,,,,1148
22,2018-usopen-1149,2018,usopen,1149,Novak Djokovic,Marton Fucsovics,,,,,,,,,,,1149
23,2018-usopen-1152,2018,usopen,1152,Yuichi Sugita,Richard Gasquet,,,,,,,,,,,1152
24,2018-usopen-1157,2018,usopen,1157,Fabio Fognini,Michael Mmoh,,,,,,,,,,,1157
25,2018-usopen-1160,2018,usopen,1160,Ricardas Berankis,Hyeon Chung,,,,,,,,,,,1160
26,2018-usopen-1161,2018,usopen,1161,Nick Kyrgios,Radu Albot,,,,,,,,,,,1161
27,2018-usopen-1164,2018,usopen,1164,Yoshihito Nishioka,Roger Federer,,,,,,,,,,,1164
28,2018-usopen-1201,2018,usopen,1201,Rafael Nadal,Vasek Pospisil,,,,,,,,,,,1201
29,2018-usopen-1203,2018,usopen,1203,Jack Sock,Nikoloz Basilashvili,,,,,,,,,,,1203
30,2018-usopen-1204,2018,usopen,1204,Guido Pella,Paolo Lorenzi,,,,,,,,,,,1204
31,2018-usopen-1205,2018,usopen,1205,Dominic Thiem,Steve Johnson,,,,,,,,,,,1205
32,2018-usopen-1206,2018,usopen,1206,Taylor Fritz,Jason Kubler,,,,,,,,,,,1206
33,2018-usopen-1207,2018,usopen,1207,Denis Shapovalov,Andreas Seppi,,,,,,,,,,,1207
34,2018-usopen-1208,2018,usopen,1208,Jeremy Chardy,Kevin Anderson,,,,,,,,,,,1208
35,2018-usopen-1209,2018,usopen,1209,Juan Martin Del Potro,Denis Kudla,,,,,,,,,,,1209
36,2018-usopen-1210,2018,usopen,1210,Andy Murray,Fernando Verdasco,,,,,,,,,,,1210
37,2018-usopen-1212,2018,usopen,1212,Daniil Medvedev,Stefanos Tsitsipas,,,,,,,,,,,1212
38,2018-usopen-1213,2018,usopen,1213,John Isner,Nicolas Jarry,,,,,,,,,,,1213
39,2018-usopen-1214,2018,usopen,1214,Cameron Norrie,Dusan Lajovic,,,,,,,,,,,1214
40,2018-usopen-1215,2018,usopen,1215,Milos Raonic,Gilles Simon,,,,,,,,,,,1215
41,2018-usopen-1216,2018,usopen,1216,Ugo Humbert,Stan Wawrinka,,,,,,,,,,,1216
42,2018-usopen-1217,2018,usopen,1217,Marin Cilic,Hubert Hurkacz,,,,,,,,,,,1217
43,2018-usopen-1218,2018,usopen,1218,Alex de Minaur,Frances Tiafoe,,,,,,,,,,,1218
44,2018-usopen-1220,2018,usopen,1220,Robin Haase,David Goffin,,,,,,,,,,,1220
45,2018-usopen-1221,2018,usopen,1221,Diego Schwartzman,Jaume Munar,,,,,,,,,,,1221
46,2018-usopen-1222,2018,usopen,1222,Gael Monfils,Kei Nishikori,,,,,,,,,,,1222
47,2018-usopen-1224,2018,usopen,1224,Nicolas Mahut,Alexander Zverev,,,,,,,,,,,1224
48,2018-usopen-1225,2018,usopen,1225,Novak Djokovic,Tennys Sandgren,,,,,,,,,,,1225
49,2018-usopen-1226,2018,usopen,1226,Laslo Djere,Richard Gasquet,,,,,,,,,,,1226
50,2018-usopen-1227,2018,usopen,1227,Lucas Pouille,Marcos Baghdatis,,,,,,,,,,,1227
51,2018-usopen-1229,2018,usopen,1229,Fabio Fognini,John Millman,,,,,,,,,,,1229
52,2018-usopen-1230,2018,usopen,1230,Mikhail Kukushkin,Hyeon Chung,,,,,,,,,,,1230
53,2018-usopen-1231,2018,usopen,1231,Nick Kyrgios,Pierre Hugues Herbert,,,,,,,,,,,1231
54,2018-usopen-1232,2018,usopen,1232,Benoit Paire,Roger Federer,,,,,,,,,,,1232
55,2018-usopen-1301,2018,usopen,1301,Rafael Nadal,Karen Khachanov,,,,,,,,,,,1301
56,2018-usopen-1302,2018,usopen,1302,Nikoloz Basilashvili,Guido Pella,,,,,,,,,,,1302
57,2018-usopen-1303,2018,usopen,1303,Dominic Thiem,Taylor Fritz,,,,,,,,,,,1303
58,2018-usopen-1304,2018,usopen,1304,Denis Shapovalov,Kevin Anderson,,,,,,,,,,,1304
59,2018-usopen-1305,2018,usopen,1305,Juan Martin Del Potro,Fernando Verdasco,,,,,,,,,,,1305
60,2018-usopen-1306,2018,usopen,1306,Borna Coric,Daniil Medvedev,,,,,,,,,,,1306
61,2018-usopen-1307,2018,usopen,1307,John Isner,Dusan Lajovic,,,,,,,,,,,1307
62,2018-usopen-1308,2018,usopen,1308,Milos Raonic,Stan Wawrinka,,,,,,,,,,,1308
63,2018-usopen-1309,2018,usopen,1309,Marin Cilic,Alex de Minaur,,,,,,,,,,,1309
64,2018-usopen-1310,2018,usopen,1310,Jan Lennard Struff,David Goffin,,,,,,,,,,,1310
65,2018-usopen-1311,2018,usopen,1311,Diego Schwartzman,Kei Nishikori,,,,,,,,,,,1311
66,2018-usopen-1312,2018,usopen,1312,Philipp Kohlschreiber,Alexander Zverev,,,,,,,,,,,1312
67,2018-usopen-1313,2018,usopen,1313,Novak Djokovic,Richard Gasquet,,,,,,,,,,,1313
68,2018-usopen-1314,2018,usopen,1314,Lucas Pouille,Joao Sousa,,,,,,,,,,,1314
69,2018-usopen-1315,2018,usopen,1315,John Millman,Mikhail Kukushkin,,,,,,,,,,,1315
70,2018-usopen-1316,2018,usopen,1316,Nick Kyrgios,Roger Federer,,,,,,,,,,,1316
71,2018-usopen-1401,2018,usopen,1401,Rafael Nadal,Nikoloz Basilashvili,,,,,,,,,,,1401
72,2018-usopen-1402,2018,usopen,1402,Dominic Thiem,Kevin Anderson,,,,,,,,,,,1402
73,2018-usopen-1403,2018,usopen,1403,Juan Martin Del Potro,Borna Coric,,,,,,,,,,,1403
74,2018-usopen-1404,2018,usopen,1404,John Isner,Milos Raonic,,,,,,,,,,,1404
75,2018-usopen-1405,2018,usopen,1405,Marin Cilic,David Goffin,,,,,,,,,,,1405
76,2018-usopen-1406,2018,usopen,1406,Kei Nishikori,Philipp Kohlschreiber,,,,,,,,,,,1406
77,2018-usopen-1407,2018,usopen,1407,Novak Djokovic,Joao Sousa,,,,,,,,,,,1407
78,2018-usopen-1408,2018,usopen,1408,John Millman,Roger Federer,,,,,,,,,,,1408
79,2018-usopen-1501,2018,usopen,1501,Rafael Nadal,Dominic Thiem,,,,,,,,,,,1501
80,2018-usopen-1502,2018,usopen,1502,Juan Martin Del Potro,John Isner,,,,,,,,,,,1502
81,2018-usopen-1503,2018,usopen,1503,Marin Cilic,Kei Nishikori,,,,,,,,,,,1503
82,2018-usopen-1504,2018,usopen,1504,Novak Djokovic,John Millman,,,,,,,,,,,1504
83,2018-usopen-1601,2018,usopen,1601,Rafael Nadal,Juan Martin Del Potro,,,,,,,,,,,1601
84,2018-usopen-1602,2018,usopen,1602,Kei Nishikori,Novak Djokovic,,,,,,,,,,,1602
85,2018-usopen-1701,2018,usopen,1701,Juan Martin Del Potro,Novak Djokovic,,,,,,,,,,,1701
0,2019-usopen-1101,2019,usopen,1101,Novak Djokovic,Roberto Carballes Baena,,,,,,,,,,,1101
1,2019-usopen-1102,2019,usopen,1102,Sam Querrey,Juan Ignacio Londero,,,,,,,,,,,1102
2,2019-usopen-1103,2019,usopen,1103,Denis Kudla,Janko Tipsarevic,,,,,,,,,,,1103
3,2019-usopen-1104,2019,usopen,1104,Steve Darcis,Dusan Lajovic,,,,,,,,,,,1104
4,2019-usopen-1105,2019,usopen,1105,Stan Wawrinka,Jannik Sinner,,,,,,,,,,,1105
5,2019-usopen-1106,2019,usopen,1106,Hubert Hurkacz,Jeremy Chardy,,,,,,,,,,,1106
6,2019-usopen-1107,2019,usopen,1107,Laslo Djere,Miomir Kecmanovic,,,,,,,,,,,1107
7,2019-usopen-1108,2019,usopen,1108,Zachary Svajda,Paolo Lorenzi,,,,,,,,,,,1108
8,2019-usopen-1109,2019,usopen,1109,Fabio Fognini,Reilly Opelka,,,,,,,,,,,1109
9,2019-usopen-1110,2019,usopen,1110,Dominik Koepfer,Jaume Munar,,,,,,,,,,,1110
10,2019-usopen-1111,2019,usopen,1111,Tomas Berdych,Jenson Brooksby,,,,,,,,,,,1111
11,2019-usopen-1112,2019,usopen,1112,Marton Fucsovics,Nikoloz Basilashvili,,,,,,,,,,,1112
12,2019-usopen-1113,2019,usopen,1113,Taylor Fritz,Feliciano Lopez,,,,,,,,,,,1113
13,2019-usopen-1114,2019,usopen,1114,Yoshihito Nishioka,Marcos Giron,,,,,,,,,,,1114
14,2019-usopen-1115,2019,usopen,1115,Soonwoo Kwon,Hugo Dellien,,,,,,,,,,,1115
15,2019-usopen-1116,2019,usopen,1116,Prajnesh Gunneswaran,Daniil Medvedev,,,,,,,,,,,1116
16,2019-usopen-1117,2019,usopen,1117,Roger Federer,Sumit Nagal,,,,,,,,,,,1117
17,2019-usopen-1118,2019,usopen,1118,Elliot Benchetrit,Damir Dzumhur,,,,,,,,,,,1118
18,2019-usopen-1119,2019,usopen,1119,Adrian Mannarino,Daniel Evans,,,,,,,,,,,1119
19,2019-usopen-1120,2019,usopen,1120,Philipp Kohlschreiber,Lucas Pouille,,,,,,,,,,,1120
20,2019-usopen-1121,2019,usopen,1121,Guido Pella,Pablo Carreno Busta,,,,,,,,,,,1121
21,2019-usopen-1122,2019,usopen,1122,Ricardas Berankis,Jiri Vesely,,,,,,,,,,,1122
22,2019-usopen-1123,2019,usopen,1123,Gregoire Barrere,Cameron Norrie,,,,,,,,,,,1123
23,2019-usopen-1124,2019,usopen,1124,Corentin Moutet,David Goffin,,,,,,,,,,,1124
24,2019-usopen-1125,2019,usopen,1125,Borna Coric,Evgeny Donskoy,,,,,,,,,,,1125
25,2019-usopen-1126,2019,usopen,1126,Andreas Seppi,Grigor Dimitrov,,,,,,,,,,,1126
26,2019-usopen-1127,2019,usopen,1127,Jack Sock,Pablo Cuevas,,,,,,,,,,,1127
27,2019-usopen-1128,2019,usopen,1128,Nicolas Jarry,Kamil Majchrzak,,,,,,,,,,,1128
28,2019-usopen-1129,2019,usopen,1129,Cristian Garin,Christopher Eubanks,,,,,,,,,,,1129
29,2019-usopen-1130,2019,usopen,1130,Pierre Hugues Herbert,Alex de Minaur,,,,,,,,,,,1130
30,2019-usopen-1131,2019,usopen,1131,Thiago Monteiro,Bradley Klahn,,,,,,,,,,,1131
31,2019-usopen-1132,2019,usopen,1132,Marco Trungelliti,Kei Nishikori,,,,,,,,,,,1132
32,2019-usopen-1133,2019,usopen,1133,Stefanos Tsitsipas,Andrey Rublev,,,,,,,,,,,1133
33,2019-usopen-1134,2019,usopen,1134,Bjorn Fratangelo,Gilles Simon,,,,,,,,,,,1134
34,2019-usopen-1135,2019,usopen,1135,Antoine Hoang,Leonardo Mayer,,,,,,,,,,,1135
35,2019-usopen-1136,2019,usopen,1136,Steve Johnson,Nick Kyrgios,,,,,,,,,,,1136
36,2019-usopen-1137,2019,usopen,1137,Matteo Berrettini,Richard Gasquet,,,,,,,,,,,1137
37,2019-usopen-1138,2019,usopen,1138,Joao Sousa,Jordan Thompson,,,,,,,,,,,1138
38,2019-usopen-1139,2019,usopen,1139,Alexei Popyrin,Federico Delbonis,,,,,,,,,,,1139
39,2019-usopen-1140,2019,usopen,1140,Mikhail Kukushkin,Roberto Bautista Agut,,,,,,,,,,,1140
40,2019-usopen-1141,2019,usopen,1141,Gael Monfils,Albert Ramos Vinolas,,,,,,,,,,,1141
41,2019-usopen-1142,2019,usopen,1142,Ugo Humbert,Marius Copil,,,,,,,,,,,1142
42,2019-usopen-1143,2019,usopen,1143,Henri Laaksonen,Marco Cecchinato,,,,,,,,,,,1143
43,2019-usopen-1144,2019,usopen,1144,Denis Shapovalov,Felix Auger Aliassime,,,,,,,,,,,1144
44,2019-usopen-1145,2019,usopen,1145,Kyle Edmund,Pablo Andujar,,,,,,,,,,,1145
45,2019-usopen-1146,2019,usopen,1146,Lorenzo Sonego,Marcel Granollers,,,,,,,,,,,1146
46,2019-usopen-1147,2019,usopen,1147,Alexander Bublik,Santiago Giraldo,,,,,,,,,,,1147
47,2019-usopen-1148,2019,usopen,1148,Thomas Fabbiano,Dominic Thiem,,,,,,,,,,,1148
48,2019-usopen-1149,2019,usopen,1149,Alexander Zverev,Radu Albot,,,,,,,,,,,1149
49,2019-usopen-1150,2019,usopen,1150,Ivo Karlovic,Frances Tiafoe,,,,,,,,,,,1150
50,2019-usopen-1151,2019,usopen,1151,Jozef Kovalik,Aljaz Bedene,,,,,,,,,,,1151
51,2019-usopen-1152,2019,usopen,1152,Brayden Schnur,Benoit Paire,,,,,,,,,,,1152
52,2019-usopen-1153,2019,usopen,1153,Diego Schwartzman,Robin Haase,,,,,,,,,,,1153
53,2019-usopen-1154,2019,usopen,1154,Lloyd Harris,Egor Gerasimov,,,,,,,,,,,1154
54,2019-usopen-1155,2019,usopen,1155,Jo Wilfried Tsonga,Tennys Sandgren,,,,,,,,,,,1155
55,2019-usopen-1156,2019,usopen,1156,Vasek Pospisil,Karen Khachanov,,,,,,,,,,,1156
56,2019-usopen-1157,2019,usopen,1157,John Isner,Guillermo Garcia Lopez,,,,,,,,,,,1157
57,2019-usopen-1158,2019,usopen,1158,Jan Lennard Struff,Casper Ruud,,,,,,,,,,,1158
58,2019-usopen-1159,2019,usopen,1159,Filip Krajinovic,Cedrik Marcel Stebe,,,,,,,,,,,1159
59,2019-usopen-1160,2019,usopen,1160,Martin Klizan,Marin Cilic,,,,,,,,,,,1160
60,2019-usopen-1161,2019,usopen,1161,Fernando Verdasco,Tobias Kamke,,,,,,,,,,,1161
61,2019-usopen-1162,2019,usopen,1162,Hyeon Chung,Ernesto Escobedo,,,,,,,,,,,1162
62,2019-usopen-1163,2019,usopen,1163,Thanasi Kokkinakis,Ilya Ivashka,,,,,,,,,,,1163
63,2019-usopen-1164,2019,usopen,1164,John Millman,Rafael Nadal,,,,,,,,,,,1164
64,2019-usopen-1201,2019,usopen,1201,Novak Djokovic,Juan Ignacio Londero,,,,,,,,,,,1201
65,2019-usopen-1202,2019,usopen,1202,Denis Kudla,Dusan Lajovic,,,,,,,,,,,1202
66,2019-usopen-1203,2019,usopen,1203,Stan Wawrinka,Jeremy Chardy,,,,,,,,,,,1203
67,2019-usopen-1204,2019,usopen,1204,Miomir Kecmanovic,Paolo Lorenzi,,,,,,,,,,,1204
68,2019-usopen-1205,2019,usopen,1205,Reilly Opelka,Dominik Koepfer,,,,,,,,,,,1205
69,2019-usopen-1206,2019,usopen,1206,Jenson Brooksby,Nikoloz Basilashvili,,,,,,,,,,,1206
70,2019-usopen-1207,2019,usopen,1207,Feliciano Lopez,Yoshihito Nishioka,,,,,,,,,,,1207
71,2019-usopen-1208,2019,usopen,1208,Hugo Dellien,Daniil Medvedev,,,,,,,,,,,1208
72,2019-usopen-1209,2019,usopen,1209,Roger Federer,Damir Dzumhur,,,,,,,,,,,1209
73,2019-usopen-1210,2019,usopen,1210,Daniel Evans,Lucas Pouille,,,,,,,,,,,1210
74,2019-usopen-1211,2019,usopen,1211,Pablo Carreno Busta,Ricardas Berankis,,,,,,,,,,,1211
75,2019-usopen-1212,2019,usopen,1212,Gregoire Barrere,David Goffin,,,,,,,,,,,1212
76,2019-usopen-1214,2019,usopen,1214,Pablo Cuevas,Kamil Majchrzak,,,,,,,,,,,1214
77,2019-usopen-1215,2019,usopen,1215,Cristian Garin,Alex de Minaur,,,,,,,,,,,1215
78,2019-usopen-1216,2019,usopen,1216,Bradley Klahn,Kei Nishikori,,,,,,,,,,,1216
79,2019-usopen-1217,2019,usopen,1217,Andrey Rublev,Gilles Simon,,,,,,,,,,,1217
80,2019-usopen-1218,2019,usopen,1218,Antoine Hoang,Nick Kyrgios,,,,,,,,,,,1218
81,2019-usopen-1219,2019,usopen,1219,Matteo Berrettini,Jordan Thompson,,,,,,,,,,,1219
82,2019-usopen-1220,2019,usopen,1220,Alexei Popyrin,Mikhail Kukushkin,,,,,,,,,,,1220
83,2019-usopen-1221,2019,usopen,1221,Gael Monfils,Marius Copil,,,,,,,,,,,1221
84,2019-usopen-1222,2019,usopen,1222,Henri Laaksonen,Denis Shapovalov,,,,,,,,,,,1222
85,2019-usopen-1223,2019,usopen,1223,Pablo Andujar,Lorenzo Sonego,,,,,,,,,,,1223
86,2019-usopen-1224,2019,usopen,1224,Alexander Bublik,Thomas Fabbiano,,,,,,,,,,,1224
87,2019-usopen-1225,2019,usopen,1225,Alexander Zverev,Frances Tiafoe,,,,,,,,,,,1225
88,2019-usopen-1226,2019,usopen,1226,Aljaz Bedene,Benoit Paire,,,,,,,,,,,1226
89,2019-usopen-1227,2019,usopen,1227,Diego Schwartzman,Egor Gerasimov,,,,,,,,,,,1227
90,2019-usopen-1228,2019,usopen,1228,Tennys Sandgren,Vasek Pospisil,,,,,,,,,,,1228
91,2019-usopen-1229,2019,usopen,1229,John Isner,Jan Lennard Struff,,,,,,,,,,,1229
92,2019-usopen-1230,2019,usopen,1230,Cedrik Marcel Stebe,Marin Cilic,,,,,,,,,,,1230
93,2019-usopen-1231,2019,usopen,1231,Fernando Verdasco,Hyeon Chung,,,,,,,,,,,1231
94,2019-usopen-1301,2019,usopen,1301,Novak Djokovic,Denis Kudla,,,,,,,,,,,1301
95,2019-usopen-1302,2019,usopen,1302,Stan Wawrinka,Paolo Lorenzi,,,,,,,,,,,1302
96,2019-usopen-1303,2019,usopen,1303,Dominik Koepfer,Nikoloz Basilashvili,,,,,,,,,,,1303
97,2019-usopen-1304,2019,usopen,1304,Feliciano Lopez,Daniil Medvedev,,,,,,,,,,,1304
98,2019-usopen-1305,2019,usopen,1305,Roger Federer,Daniel Evans,,,,,,,,,,,1305
99,2019-usopen-1306,2019,usopen,1306,Pablo Carreno Busta,David Goffin,,,,,,,,,,,1306
100,2019-usopen-1307,2019,usopen,1307,Grigor Dimitrov,Kamil Majchrzak,,,,,,,,,,,1307
101,2019-usopen-1308,2019,usopen,1308,Alex de Minaur,Kei Nishikori,,,,,,,,,,,1308
102,2019-usopen-1309,2019,usopen,1309,Andrey Rublev,Nick Kyrgios,,,,,,,,,,,1309
103,2019-usopen-1310,2019,usopen,1310,Matteo Berrettini,Alexei Popyrin,,,,,,,,,,,1310
104,2019-usopen-1311,2019,usopen,1311,Gael Monfils,Denis Shapovalov,,,,,,,,,,,1311
105,2019-usopen-1312,2019,usopen,1312,Pablo Andujar,Alexander Bublik,,,,,,,,,,,1312
106,2019-usopen-1313,2019,usopen,1313,Alexander Zverev,Aljaz Bedene,,,,,,,,,,,1313
107,2019-usopen-1314,2019,usopen,1314,Diego Schwartzman,Tennys Sandgren,,,,,,,,,,,1314
108,2019-usopen-1315,2019,usopen,1315,John Isner,Marin Cilic,,,,,,,,,,,1315
109,2019-usopen-1316,2019,usopen,1316,Hyeon Chung,Rafael Nadal,,,,,,,,,,,1316
110,2019-usopen-1401,2019,usopen,1401,Novak Djokovic,Stan Wawrinka,,,,,,,,,,,1401
111,2019-usopen-1402,2019,usopen,1402,Dominik Koepfer,Daniil Medvedev,,,,,,,,,,,1402
112,2019-usopen-1403,2019,usopen,1403,Roger Federer,David Goffin,,,,,,,,,,,1403
113,2019-usopen-1404,2019,usopen,1404,Grigor Dimitrov,Alex de Minaur,,,,,,,,,,,1404
114,2019-usopen-1405,2019,usopen,1405,Andrey Rublev,Matteo Berrettini,,,,,,,,,,,1405
115,2019-usopen-1406,2019,usopen,1406,Gael Monfils,Pablo Andujar,,,,,,,,,,,1406
116,2019-usopen-1407,2019,usopen,1407,Alexander Zverev,Diego Schwartzman,,,,,,,,,,,1407
117,2019-usopen-1408,2019,usopen,1408,Marin Cilic,Rafael Nadal,,,,,,,,,,,1408
118,2019-usopen-1501,2019,usopen,1501,Stan Wawrinka,Daniil Medvedev,,,,,,,,,,,1501
119,2019-usopen-1502,2019,usopen,1502,Roger Federer,Grigor Dimitrov,,,,,,,,,,,1502
120,2019-usopen-1503,2019,usopen,1503,Matteo Berrettini,Gael Monfils,,,,,,,,,,,1503
121,2019-usopen-1504,2019,usopen,1504,Diego Schwartzman,Rafael Nadal,,,,,,,,,,,1504
122,2019-usopen-1601,2019,usopen,1601,Daniil Medvedev,Grigor Dimitrov,,,,,,,,,,,1601
123,2019-usopen-1602,2019,usopen,1602,Matteo Berrettini,Rafael Nadal,,,,,,,,,,,1602
124,2019-usopen-1701,2019,usopen,1701,Daniil Medvedev,Rafael Nadal,,,,,,,,,,,1701
0,2020-usopen-1101,2020,usopen,1101,Novak Djokovic,Damir Dzumhur,,,,,,,,,,,1101
1,2020-usopen-1102,2020,usopen,1102,Kyle Edmund,Alexander Bublik,,,,,,,,,,,1102
2,2020-usopen-1103,2020,usopen,1103,Joao Sousa,Michael Mmoh,,,,,,,,,,,1103
3,2020-usopen-1104,2020,usopen,1104,Pedro Martinez,Jan Lennard Struff,,,,,,,,,,,1104
4,2020-usopen-1105,2020,usopen,1105,Pablo Carreno Busta,Yasutaka Uchiyama,,,,,,,,,,,1105
5,2020-usopen-1106,2020,usopen,1106,Mitchell Krueger,Pedro Sousa,,,,,,,,,,,1106
6,2020-usopen-1107,2020,usopen,1107,Federico Gaio,Ricardas Berankis,,,,,,,,,,,1107
7,2020-usopen-1108,2020,usopen,1108,Steve Johnson,John Isner,,,,,,,,,,,1108
8,2020-usopen-1109,2020,usopen,1109,Denis Shapovalov,Sebastian Korda,,,,,,,,,,,1109
9,2020-usopen-1110,2020,usopen,1110,Thai Son Kwiatkowski,Soonwoo Kwon,,,,,,,,,,,1110
10,2020-usopen-1111,2020,usopen,1111,Mohamed Safwat,Gilles Simon,,,,,,,,,,,1111
11,2020-usopen-1112,2020,usopen,1112,Dominik Koepfer,Taylor Fritz,,,,,,,,,,,1112
12,2020-usopen-1113,2020,usopen,1113,Filip Krajinovic,Mikael Ymer,,,,,,,,,,,1113
13,2020-usopen-1114,2020,usopen,1114,Marcos Giron,Marc Polmans,,,,,,,,,,,1114
14,2020-usopen-1115,2020,usopen,1115,Lloyd Harris,Marco Cecchinato,,,,,,,,,,,1115
15,2020-usopen-1116,2020,usopen,1116,Reilly Opelka,David Goffin,,,,,,,,,,,1116
16,2020-usopen-1117,2020,usopen,1117,Stefanos Tsitsipas,Albert Ramos Vinolas,,,,,,,,,,,1117
17,2020-usopen-1118,2020,usopen,1118,Maxime Cressy,Jozef Kovalik,,,,,,,,,,,1118
18,2020-usopen-1119,2020,usopen,1119,Juan Ignacio Londero,Evgeny Donskoy,,,,,,,,,,,1119
19,2020-usopen-1120,2020,usopen,1120,Pablo Andujar,Borna Coric,,,,,,,,,,,1120
20,2020-usopen-1121,2020,usopen,1121,Dusan Lajovic,Egor Gerasimov,,,,,,,,,,,1121
21,2020-usopen-1122,2020,usopen,1122,Stefano Travaglia,Jordan Thompson,,,,,,,,,,,1122
22,2020-usopen-1123,2020,usopen,1123,Attila Balazs,Mikhail Kukushkin,,,,,,,,,,,1123
23,2020-usopen-1124,2020,usopen,1124,Ulises Blanch,Cristian Garin,,,,,,,,,,,1124
24,2020-usopen-1125,2020,usopen,1125,Diego Schwartzman,Cameron Norrie,,,,,,,,,,,1125
25,2020-usopen-1126,2020,usopen,1126,Jason Jung,Federico Coria,,,,,,,,,,,1126
26,2020-usopen-1127,2020,usopen,1127,Alejandro Davidovich Fokina,Dennis Novak,,,,,,,,,,,1127
27,2020-usopen-1128,2020,usopen,1128,Peter Gojowczyk,Hubert Hurkacz,,,,,,,,,,,1128
28,2020-usopen-1129,2020,usopen,1129,Adrian Mannarino,Lorenzo Sonego,,,,,,,,,,,1129
29,2020-usopen-1130,2020,usopen,1130,Jack Sock,Pablo Cuevas,,,,,,,,,,,1130
30,2020-usopen-1131,2020,usopen,1131,Paolo Lorenzi,Brandon Nakashima,,,,,,,,,,,1131
31,2020-usopen-1132,2020,usopen,1132,Kevin Anderson,Alexander Zverev,,,,,,,,,,,1132
32,2020-usopen-1133,2020,usopen,1133,Matteo Berrettini,Go Soeda,,,,,,,,,,,1133
33,2020-usopen-1134,2020,usopen,1134,Yuichi Sugita,Ugo Humbert,,,,,,,,,,,1134
34,2020-usopen-1135,2020,usopen,1135,Emil Ruusuvuori,Aljaz Bedene,,,,,,,,,,,1135
35,2020-usopen-1136,2020,usopen,1136,Mackenzie McDonald,Casper Ruud,,,,,,,,,,,1136
36,2020-usopen-1137,2020,usopen,1137,Ernesto Escobedo,Kamil Majchrzak,,,,,,,,,,,1137
37,2020-usopen-1138,2020,usopen,1138,Salvatore Caruso,James Duckworth,,,,,,,,,,,1138
38,2020-usopen-1139,2020,usopen,1139,Taro Daniel,Gregoire Barrere,,,,,,,,,,,1139
39,2020-usopen-1140,2020,usopen,1140,Jeremy Chardy,Andrey Rublev,,,,,,,,,,,1140
40,2020-usopen-1141,2020,usopen,1141,Grigor Dimitrov,Tommy Paul,,,,,,,,,,,1141
41,2020-usopen-1142,2020,usopen,1142,Marton Fucsovics,Hugo Dellien,,,,,,,,,,,1142
42,2020-usopen-1143,2020,usopen,1143,Frances Tiafoe,Andreas Seppi,,,,,,,,,,,1143
43,2020-usopen-1144,2020,usopen,1144,John Millman,Nikoloz Basilashvili,,,,,,,,,,,1144
44,2020-usopen-1145,2020,usopen,1145,Guido Pella,J.J. Wolf,,,,,,,,,,,1145
45,2020-usopen-1146,2020,usopen,1146,Feliciano Lopez,Roberto Carballes Baena,,,,,,,,,,,1146
46,2020-usopen-1147,2020,usopen,1147,Christopher O'Connell,Laslo Djere,,,,,,,,,,,1147
47,2020-usopen-1148,2020,usopen,1148,Federico Delbonis,Daniil Medvedev,,,,,,,,,,,1148
48,2020-usopen-1149,2020,usopen,1149,Roberto Bautista Agut,Tennys Sandgren,,,,,,,,,,,1149
49,2020-usopen-1151,2020,usopen,1151,Vasek Pospisil,Philipp Kohlschreiber,,,,,,,,,,,1151
50,2020-usopen-1152,2020,usopen,1152,Leonardo Mayer,Milos Raonic,,,,,,,,,,,1152
51,2020-usopen-1153,2020,usopen,1153,Alex de Minaur,Andrej Martin,,,,,,,,,,,1153
52,2020-usopen-1154,2020,usopen,1154,Ivo Karlovic,Richard Gasquet,,,,,,,,,,,1154
53,2020-usopen-1155,2020,usopen,1155,Andrey Kuznetsov,Sam Querrey,,,,,,,,,,,1155
54,2020-usopen-1156,2020,usopen,1156,Jannik Sinner,Karen Khachanov,,,,,,,,,,,1156
55,2020-usopen-1157,2020,usopen,1157,Felix Auger Aliassime,Thiago Monteiro,,,,,,,,,,,1157
56,2020-usopen-1158,2020,usopen,1158,Andy Murray,Yoshihito Nishioka,,,,,,,,,,,1158
57,2020-usopen-1159,2020,usopen,1159,Corentin Moutet,Jiri Vesely,,,,,,,,,,,1159
58,2020-usopen-1160,2020,usopen,1160,Thiago Seyboth Wild,Daniel Evans,,,,,,,,,,,1160
59,2020-usopen-1161,2020,usopen,1161,Marin Cilic,Denis Kudla,,,,,,,,,,,1161
60,2020-usopen-1162,2020,usopen,1162,Norbert Gombos,Radu Albot,,,,,,,,,,,1162
61,2020-usopen-1163,2020,usopen,1163,Sumit Nagal,Bradley Klahn,,,,,,,,,,,1163
62,2020-usopen-1164,2020,usopen,1164,Jaume Munar,Dominic Thiem,,,,,,,,,,,1164
63,2020-usopen-1201,2020,usopen,1201,Novak Djokovic,Kyle Edmund,,,,,,,,,,,1201
64,2020-usopen-1202,2020,usopen,1202,Michael Mmoh,Jan Lennard Struff,,,,,,,,,,,1202
65,2020-usopen-1203,2020,usopen,1203,Pablo Carreno Busta,Mitchell Krueger,,,,,,,,,,,1203
66,2020-usopen-1204,2020,usopen,1204,Ricardas Berankis,Steve Johnson,,,,,,,,,,,1204
67,2020-usopen-1205,2020,usopen,1205,Denis Shapovalov,Soonwoo Kwon,,,,,,,,,,,1205
68,2020-usopen-1206,2020,usopen,1206,Gilles Simon,Taylor Fritz,,,,,,,,,,,1206
69,2020-usopen-1207,2020,usopen,1207,Filip Krajinovic,Marcos Giron,,,,,,,,,,,1207
70,2020-usopen-1208,2020,usopen,1208,Lloyd Harris,David Goffin,,,,,,,,,,,1208
71,2020-usopen-1209,2020,usopen,1209,Stefanos Tsitsipas,Maxime Cressy,,,,,,,,,,,1209
72,2020-usopen-1211,2020,usopen,1211,Egor Gerasimov,Jordan Thompson,,,,,,,,,,,1211
73,2020-usopen-1212,2020,usopen,1212,Mikhail Kukushkin,Cristian Garin,,,,,,,,,,,1212
74,2020-usopen-1213,2020,usopen,1213,Cameron Norrie,Federico Coria,,,,,,,,,,,1213
75,2020-usopen-1215,2020,usopen,1215,Adrian Mannarino,Jack Sock,,,,,,,,,,,1215
76,2020-usopen-1216,2020,usopen,1216,Brandon Nakashima,Alexander Zverev,,,,,,,,,,,1216
77,2020-usopen-1217,2020,usopen,1217,Matteo Berrettini,Ugo Humbert,,,,,,,,,,,1217
78,2020-usopen-1218,2020,usopen,1218,Emil Ruusuvuori,Casper Ruud,,,,,,,,,,,1218
79,2020-usopen-1219,2020,usopen,1219,Ernesto Escobedo,Salvatore Caruso,,,,,,,,,,,1219
80,2020-usopen-1220,2020,usopen,1220,Gregoire Barrere,Andrey Rublev,,,,,,,,,,,1220
81,2020-usopen-1221,2020,usopen,1221,Grigor Dimitrov,Marton Fucsovics,,,,,,,,,,,1221
82,2020-usopen-1222,2020,usopen,1222,Frances Tiafoe,John Millman,,,,,,,,,,,1222
83,2020-usopen-1223,2020,usopen,1223,J.J. Wolf,Roberto Carballes Baena,,,,,,,,,,,1223
84,2020-usopen-1224,2020,usopen,1224,Christopher O'Connell,Daniil Medvedev,,,,,,,,,,,1224
85,2020-usopen-1225,2020,usopen,1225,Roberto Bautista Agut,Miomir Kecmanovic,,,,,,,,,,,1225
86,2020-usopen-1226,2020,usopen,1226,Vasek Pospisil,Milos Raonic,,,,,,,,,,,1226
87,2020-usopen-1227,2020,usopen,1227,Alex de Minaur,Richard Gasquet,,,,,,,,,,,1227
88,2020-usopen-1228,2020,usopen,1228,Andrey Kuznetsov,Karen Khachanov,,,,,,,,,,,1228
89,2020-usopen-1229,2020,usopen,1229,Felix Auger Aliassime,Andy Murray,,,,,,,,,,,1229
90,2020-usopen-1230,2020,usopen,1230,Corentin Moutet,Daniel Evans,,,,,,,,,,,1230
91,2020-usopen-1231,2020,usopen,1231,Marin Cilic,Norbert Gombos,,,,,,,,,,,1231
92,2020-usopen-1232,2020,usopen,1232,Sumit Nagal,Dominic Thiem,,,,,,,,,,,1232
93,2020-usopen-1301,2020,usopen,1301,Novak Djokovic,Jan Lennard Struff,,,,,,,,,,,1301
94,2020-usopen-1302,2020,usopen,1302,Pablo Carreno Busta,Ricardas Berankis,,,,,,,,,,,1302
95,2020-usopen-1303,2020,usopen,1303,Denis Shapovalov,Taylor Fritz,,,,,,,,,,,1303
96,2020-usopen-1304,2020,usopen,1304,Filip Krajinovic,David Goffin,,,,,,,,,,,1304
97,2020-usopen-1305,2020,usopen,1305,Stefanos Tsitsipas,Borna Coric,,,,,,,,,,,1305
98,2020-usopen-1306,2020,usopen,1306,Jordan Thompson,Mikhail Kukushkin,,,,,,,,,,,1306
99,2020-usopen-1307,2020,usopen,1307,Cameron Norrie,Alejandro Davidovich Fokina,,,,,,,,,,,1307
100,2020-usopen-1308,2020,usopen,1308,Adrian Mannarino,Alexander Zverev,,,,,,,,,,,1308
101,2020-usopen-1309,2020,usopen,1309,Matteo Berrettini,Casper Ruud,,,,,,,,,,,1309
102,2020-usopen-1310,2020,usopen,1310,Salvatore Caruso,Andrey Rublev,,,,,,,,,,,1310
103,2020-usopen-1311,2020,usopen,1311,Marton Fucsovics,Frances Tiafoe,,,,,,,,,,,1311
104,2020-usopen-1312,2020,usopen,1312,J.J. Wolf,Daniil Medvedev,,,,,,,,,,,1312
105,2020-usopen-1313,2020,usopen,1313,Roberto Bautista Agut,Vasek Pospisil,,,,,,,,,,,1313
106,2020-usopen-1314,2020,usopen,1314,Alex de Minaur,Karen Khachanov,,,,,,,,,,,1314
107,2020-usopen-1315,2020,usopen,1315,Felix Auger Aliassime,Corentin Moutet,,,,,,,,,,,1315
108,2020-usopen-1316,2020,usopen,1316,Marin Cilic,Dominic Thiem,,,,,,,,,,,1316
109,2020-usopen-1401,2020,usopen,1401,Novak Djokovic,Pablo Carreno Busta,,,,,,,,,,,1401
110,2020-usopen-1402,2020,usopen,1402,Denis Shapovalov,David Goffin,,,,,,,,,,,1402
111,2020-usopen-1403,2020,usopen,1403,Borna Coric,Jordan Thompson,,,,,,,,,,,1403
112,2020-usopen-1404,2020,usopen,1404,Alejandro Davidovich Fokina,Alexander Zverev,,,,,,,,,,,1404
113,2020-usopen-1405,2020,usopen,1405,Matteo Berrettini,Andrey Rublev,,,,,,,,,,,1405
114,2020-usopen-1406,2020,usopen,1406,Frances Tiafoe,Daniil Medvedev,,,,,,,,,,,1406
115,2020-usopen-1407,2020,usopen,1407,Vasek Pospisil,Alex de Minaur,,,,,,,,,,,1407
116,2020-usopen-1408,2020,usopen,1408,Felix Auger Aliassime,Dominic Thiem,,,,,,,,,,,1408
117,2020-usopen-1501,2020,usopen,1501,Pablo Carreno Busta,Denis Shapovalov,,,,,,,,,,,1501
118,2020-usopen-1502,2020,usopen,1502,Borna Coric,Alexander Zverev,,,,,,,,,,,1502
119,2020-usopen-1503,2020,usopen,1503,Andrey Rublev,Daniil Medvedev,,,,,,,,,,,1503
120,2020-usopen-1504,2020,usopen,1504,Alex de Minaur,Dominic Thiem,,,,,,,,,,,1504
121,2020-usopen-1601,2020,usopen,1601,Pablo Carreno Busta,Alexander Zverev,,,,,,,,,,,1601
122,2020-usopen-1602,2020,usopen,1602,Daniil Medvedev,Dominic Thiem,,,,,,,,,,,1602
123,2020-usopen-1701,2020,usopen,1701,Alexander Zverev,Dominic Thiem,,,,,,,,,,,1701
0,2021-usopen-1101,2021,usopen,1101,Novak Djokovic,Holger Vitus Nodskov Rune,,,,,,,,,,,1101
1,2021-usopen-1102,2021,usopen,1102,Tallon Griekspoor,Jan Lennard Struff,,,,,,,,,,,1102
2,2021-usopen-1103,2021,usopen,1103,Salvatore Caruso,Kei Nishikori,,,,,,,,,,,1103
3,2021-usopen-1104,2021,usopen,1104,Mackenzie McDonald,David Goffin,,,,,,,,,,,1104
4,2021-usopen-1105,2021,usopen,1105,Aslan Karatsev,Jaume Munar,,,,,,,,,,,1105
5,2021-usopen-1106,2021,usopen,1106,Jordan Thompson,Gianluca Mager,,,,,,,,,,,1106
6,2021-usopen-1107,2021,usopen,1107,Jenson Brooksby,Mikael Ymer,,,,,,,,,,,1107
7,2021-usopen-1108,2021,usopen,1108,Taylor Fritz,Alex de Minaur,,,,,,,,,,,1108
8,2021-usopen-1109,2021,usopen,1109,Hubert Hurkacz,Egor Gerasimov,,,,,,,,,,,1109
9,2021-usopen-1110,2021,usopen,1110,Andreas Seppi,Marton Fucsovics,,,,,,,,,,,1110
10,2021-usopen-1111,2021,usopen,1111,Denis Kudla,Laslo Djere,,,,,,,,,,,1111
11,2021-usopen-1112,2021,usopen,1112,Oscar Otte,Lorenzo Sonego,,,,,,,,,,,1112
12,2021-usopen-1113,2021,usopen,1113,Fabio Fognini,Vasek Pospisil,,,,,,,,,,,1113
13,2021-usopen-1114,2021,usopen,1114,Tennys Sandgren,Ilya Ivashka,,,,,,,,,,,1114
14,2021-usopen-1115,2021,usopen,1115,Corentin Moutet,Stefano Travaglia,,,,,,,,,,,1115
15,2021-usopen-1116,2021,usopen,1116,Jeremy Chardy,Matteo Berrettini,,,,,,,,,,,1116
16,2021-usopen-1117,2021,usopen,1117,Alexander Zverev,Sam Querrey,,,,,,,,,,,1117
17,2021-usopen-1118,2021,usopen,1118,Albert Ramos Vinolas,Lucas Pouille,,,,,,,,,,,1118
18,2021-usopen-1119,2021,usopen,1119,Yoshihito Nishioka,Jack Sock,,,,,,,,,,,1119
19,2021-usopen-1120,2021,usopen,1120,Yannick Hanfmann,Alexander Bublik,,,,,,,,,,,1120
20,2021-usopen-1121,2021,usopen,1121,Gael Monfils,Federico Coria,,,,,,,,,,,1121
21,2021-usopen-1122,2021,usopen,1122,Steve Johnson,Maximilian Marterer,,,,,,,,,,,1122
22,2021-usopen-1123,2021,usopen,1123,Marco Cecchinato,Zachary Svajda,,,,,,,,,,,1123
23,2021-usopen-1124,2021,usopen,1124,Max Purcell,Jannik Sinner,,,,,,,,,,,1124
24,2021-usopen-1125,2021,usopen,1125,Pablo Carreno Busta,Maxime Cressy,,,,,,,,,,,1125
25,2021-usopen-1126,2021,usopen,1126,Sebastian Korda,Nikoloz Basilashvili,,,,,,,,,,,1126
26,2021-usopen-1127,2021,usopen,1127,Lorenzo Musetti,Emilio Nava,,,,,,,,,,,1127
27,2021-usopen-1128,2021,usopen,1128,Soonwoo Kwon,Reilly Opelka,,,,,,,,,,,1128
28,2021-usopen-1129,2021,usopen,1129,Karen Khachanov,Lloyd Harris,,,,,,,,,,,1129
29,2021-usopen-1130,2021,usopen,1130,Pablo Cuevas,Ernesto Escobedo,,,,,,,,,,,1130
30,2021-usopen-1131,2021,usopen,1131,Roberto Carballes Baena,Tommy Paul,,,,,,,,,,,1131
31,2021-usopen-1132,2021,usopen,1132,Federico Delbonis,Denis Shapovalov,,,,,,,,,,,1132
32,2021-usopen-1133,2021,usopen,1133,Andrey Rublev,Ivo Karlovic,,,,,,,,,,,1133
33,2021-usopen-1134,2021,usopen,1134,Pedro Martinez,James Duckworth,,,,,,,,,,,1134
34,2021-usopen-1135,2021,usopen,1135,Frances Tiafoe,Christopher Eubanks,,,,,,,,,,,1135
35,2021-usopen-1136,2021,usopen,1136,Guido Pella,Filip Krajinovic,,,,,,,,,,,1136
36,2021-usopen-1137,2021,usopen,1137,Roberto Bautista Agut,Nick Kyrgios,,,,,,,,,,,1137
37,2021-usopen-1138,2021,usopen,1138,Kamil Majchrzak,Emil Ruusuvuori,,,,,,,,,,,1138
38,2021-usopen-1139,2021,usopen,1139,Feliciano Lopez,Bernabe Zapata Miralles,,,,,,,,,,,1139
39,2021-usopen-1140,2021,usopen,1140,Evgeny Donskoy,Felix Auger Aliassime,,,,,,,,,,,1140
40,2021-usopen-1141,2021,usopen,1141,Cristian Garin,Norbert Gombos,,,,,,,,,,,1141
41,2021-usopen-1142,2021,usopen,1142,Henri Laaksonen,John Millman,,,,,,,,,,,1142
42,2021-usopen-1143,2021,usopen,1143,Dusan Lajovic,Benoit Paire,,,,,,,,,,,1143
43,2021-usopen-1144,2021,usopen,1144,Peter Gojowczyk,Ugo Humbert,,,,,,,,,,,1144
44,2021-usopen-1145,2021,usopen,1145,Cameron Norrie,Carlos Alcaraz,,,,,,,,,,,1145
45,2021-usopen-1146,2021,usopen,1146,Miomir Kecmanovic,Arthur Rinderknech,,,,,,,,,,,1146
46,2021-usopen-1147,2021,usopen,1147,Pierre Hugues Herbert,Adrian Mannarino,,,,,,,,,,,1147
47,2021-usopen-1148,2021,usopen,1148,Andy Murray,Stefanos Tsitsipas,,,,,,,,,,,1148
48,2021-usopen-1149,2021,usopen,1149,Casper Ruud,Yuichi Sugita,,,,,,,,,,,1149
49,2021-usopen-1150,2021,usopen,1150,Botic Van De Zandschulp,Carlos Taberner,,,,,,,,,,,1150
50,2021-usopen-1151,2021,usopen,1151,Facundo Bagnis,Taro Daniel,,,,,,,,,,,1151
51,2021-usopen-1152,2021,usopen,1152,Marco Trungelliti,Alejandro Davidovich Fokina,,,,,,,,,,,1152
52,2021-usopen-1153,2021,usopen,1153,John Isner,Brandon Nakashima,,,,,,,,,,,1153
53,2021-usopen-1154,2021,usopen,1154,Alex Molcan,Cem Ilkel,,,,,,,,,,,1154
54,2021-usopen-1155,2021,usopen,1155,Jiri Vesely,Kevin Anderson,,,,,,,,,,,1155
55,2021-usopen-1156,2021,usopen,1156,Ricardas Berankis,Diego Schwartzman,,,,,,,,,,,1156
56,2021-usopen-1157,2021,usopen,1157,Grigor Dimitrov,Sam Riffice,,,,,,,,,,,1157
57,2021-usopen-1158,2021,usopen,1158,Alexei Popyrin,Radu Albot,,,,,,,,,,,1158
58,2021-usopen-1159,2021,usopen,1159,Marcos Giron,Antoine Hoang,,,,,,,,,,,1159
59,2021-usopen-1160,2021,usopen,1160,Thiago Monteiro,Daniel Evans,,,,,,,,,,,1160
60,2021-usopen-1161,2021,usopen,1161,Marin Cilic,Philipp Kohlschreiber,,,,,,,,,,,1161
61,2021-usopen-1162,2021,usopen,1162,Mikhail Kukushkin,Pablo Andujar,,,,,,,,,,,1162
62,2021-usopen-1163,2021,usopen,1163,Dominik Koepfer,Quentin Halys,,,,,,,,,,,1163
63,2021-usopen-1164,2021,usopen,1164,Richard Gasquet,Daniil Medvedev,,,,,,,,,,,1164
64,2021-usopen-1201,2021,usopen,1201,Novak Djokovic,Tallon Griekspoor,,,,,,,,,,,1201
65,2021-usopen-1202,2021,usopen,1202,Kei Nishikori,Mackenzie McDonald,,,,,,,,,,,1202
66,2021-usopen-1203,2021,usopen,1203,Aslan Karatsev,Jordan Thompson,,,,,,,,,,,1203
67,2021-usopen-1204,2021,usopen,1204,Jenson Brooksby,Taylor Fritz,,,,,,,,,,,1204
68,2021-usopen-1205,2021,usopen,1205,Hubert Hurkacz,Andreas Seppi,,,,,,,,,,,1205
69,2021-usopen-1206,2021,usopen,1206,Denis Kudla,Oscar Otte,,,,,,,,,,,1206
70,2021-usopen-1207,2021,usopen,1207,Vasek Pospisil,Ilya Ivashka,,,,,,,,,,,1207
71,2021-usopen-1208,2021,usopen,1208,Corentin Moutet,Matteo Berrettini,,,,,,,,,,,1208
72,2021-usopen-1209,2021,usopen,1209,Alexander Zverev,Albert Ramos Vinolas,,,,,,,,,,,1209
73,2021-usopen-1210,2021,usopen,1210,Jack Sock,Alexander Bublik,,,,,,,,,,,1210
74,2021-usopen-1211,2021,usopen,1211,Gael Monfils,Steve Johnson,,,,,,,,,,,1211
75,2021-usopen-1212,2021,usopen,1212,Zachary Svajda,Jannik Sinner,,,,,,,,,,,1212
76,2021-usopen-1213,2021,usopen,1213,Maxime Cressy,Nikoloz Basilashvili,,,,,,,,,,,1213
77,2021-usopen-1214,2021,usopen,1214,Lorenzo Musetti,Reilly Opelka,,,,,,,,,,,1214
78,2021-usopen-1215,2021,usopen,1215,Lloyd Harris,Ernesto Escobedo,,,,,,,,,,,1215
79,2021-usopen-1216,2021,usopen,1216,Roberto Carballes Baena,Denis Shapovalov,,,,,,,,,,,1216
80,2021-usopen-1217,2021,usopen,1217,Andrey Rublev,Pedro Martinez,,,,,,,,,,,1217
81,2021-usopen-1218,2021,usopen,1218,Frances Tiafoe,Guido Pella,,,,,,,,,,,1218
82,2021-usopen-1219,2021,usopen,1219,Roberto Bautista Agut,Emil Ruusuvuori,,,,,,,,,,,1219
83,2021-usopen-1220,2021,usopen,1220,Bernabe Zapata Miralles,Felix Auger Aliassime,,,,,,,,,,,1220
84,2021-usopen-1221,2021,usopen,1221,Cristian Garin,Henri Laaksonen,,,,,,,,,,,1221
85,2021-usopen-1222,2021,usopen,1222,Dusan Lajovic,Peter Gojowczyk,,,,,,,,,,,1222
86,2021-usopen-1223,2021,usopen,1223,Carlos Alcaraz,Arthur Rinderknech,,,,,,,,,,,1223
87,2021-usopen-1224,2021,usopen,1224,Adrian Mannarino,Stefanos Tsitsipas,,,,,,,,,,,1224
88,2021-usopen-1225,2021,usopen,1225,Casper Ruud,Botic Van De Zandschulp,,,,,,,,,,,1225
89,2021-usopen-1226,2021,usopen,1226,Facundo Bagnis,Marco Trungelliti,,,,,,,,,,,1226
90,2021-usopen-1227,2021,usopen,1227,Brandon Nakashima,Alex Molcan,,,,,,,,,,,1227
91,2021-usopen-1228,2021,usopen,1228,Kevin Anderson,Diego Schwartzman,,,,,,,,,,,1228
92,2021-usopen-1229,2021,usopen,1229,Grigor Dimitrov,Alexei Popyrin,,,,,,,,,,,1229
93,2021-usopen-1230,2021,usopen,1230,Marcos Giron,Daniel Evans,,,,,,,,,,,1230
94,2021-usopen-1231,2021,usopen,1231,Philipp Kohlschreiber,Pablo Andujar,,,,,,,,,,,1231
95,2021-usopen-1232,2021,usopen,1232,Dominik Koepfer,Daniil Medvedev,,,,,,,,,,,1232
96,2021-usopen-1301,2021,usopen,1301,Novak Djokovic,Kei Nishikori,,,,,,,,,,,1301
97,2021-usopen-1302,2021,usopen,1302,Aslan Karatsev,Jenson Brooksby,,,,,,,,,,,1302
98,2021-usopen-1303,2021,usopen,1303,Andreas Seppi,Oscar Otte,,,,,,,,,,,1303
99,2021-usopen-1304,2021,usopen,1304,Ilya Ivashka,Matteo Berrettini,,,,,,,,,,,1304
100,2021-usopen-1305,2021,usopen,1305,Alexander Zverev,Jack Sock,,,,,,,,,,,1305
101,2021-usopen-1306,2021,usopen,1306,Gael Monfils,Jannik Sinner,,,,,,,,,,,1306
102,2021-usopen-1307,2021,usopen,1307,Nikoloz Basilashvili,Reilly Opelka,,,,,,,,,,,1307
103,2021-usopen-1308,2021,usopen,1308,Lloyd Harris,Denis Shapovalov,,,,,,,,,,,1308
104,2021-usopen-1309,2021,usopen,1309,Andrey Rublev,Frances Tiafoe,,,,,,,,,,,1309
105,2021-usopen-1310,2021,usopen,1310,Roberto Bautista Agut,Felix Auger Aliassime,,,,,,,,,,,1310
106,2021-usopen-1311,2021,usopen,1311,Henri Laaksonen,Peter Gojowczyk,,,,,,,,,,,1311
107,2021-usopen-1312,2021,usopen,1312,Carlos Alcaraz,Stefanos Tsitsipas,,,,,,,,,,,1312
108,2021-usopen-1313,2021,usopen,1313,Botic Van De Zandschulp,Facundo Bagnis,,,,,,,,,,,1313
109,2021-usopen-1314,2021,usopen,1314,Alex Molcan,Diego Schwartzman,,,,,,,,,,,1314
110,2021-usopen-1315,2021,usopen,1315,Alexei Popyrin,Daniel Evans,,,,,,,,,,,1315
111,2021-usopen-1316,2021,usopen,1316,Pablo Andujar,Daniil Medvedev,,,,,,,,,,,1316
112,2021-usopen-1401,2021,usopen,1401,Novak Djokovic,Jenson Brooksby,,,,,,,,,,,1401
113,2021-usopen-1402,2021,usopen,1402,Oscar Otte,Matteo Berrettini,,,,,,,,,,,1402
114,2021-usopen-1403,2021,usopen,1403,Alexander Zverev,Jannik Sinner,,,,,,,,,,,1403
115,2021-usopen-1404,2021,usopen,1404,Reilly Opelka,Lloyd Harris,,,,,,,,,,,1404
116,2021-usopen-1405,2021,usopen,1405,Frances Tiafoe,Felix Auger Aliassime,,,,,,,,,,,1405
117,2021-usopen-1406,2021,usopen,1406,Peter Gojowczyk,Carlos Alcaraz,,,,,,,,,,,1406
118,2021-usopen-1407,2021,usopen,1407,Botic Van De Zandschulp,Diego Schwartzman,,,,,,,,,,,1407
119,2021-usopen-1408,2021,usopen,1408,Daniel Evans,Daniil Medvedev,,,,,,,,,,,1408
120,2021-usopen-1501,2021,usopen,1501,Novak Djokovic,Matteo Berrettini,,,,,,,,,,,1501
121,2021-usopen-1502,2021,usopen,1502,Alexander Zverev,Lloyd Harris,,,,,,,,,,,1502
122,2021-usopen-1503,2021,usopen,1503,Felix Auger Aliassime,Carlos Alcaraz,,,,,,,,,,,1503
123,2021-usopen-1504,2021,usopen,1504,Botic Van De Zandschulp,Daniil Medvedev,,,,,,,,,,,1504
124,2021-usopen-1601,2021,usopen,1601,Novak Djokovic,Alexander Zverev,,,,,,,,,,,1601
125,2021-usopen-1602,2021,usopen,1602,Felix Auger Aliassime,Daniil Medvedev,,,,,,,,,,,1602
126,2021-usopen-1701,2021,usopen,1701,Novak Djokovic,Daniil Medvedev,,,,,,,,,,,1701
